-- --------------------------------------------------------
-- Host:                         127.0.0.1
-- Server version:               8.0.30 - MySQL Community Server - GPL
-- Server OS:                    Win64
-- HeidiSQL Version:             12.1.0.6537
-- --------------------------------------------------------

/*!40101 SET @OLD_CHARACTER_SET_CLIENT=@@CHARACTER_SET_CLIENT */;
/*!40101 SET NAMES utf8 */;
/*!50503 SET NAMES utf8mb4 */;
/*!40103 SET @OLD_TIME_ZONE=@@TIME_ZONE */;
/*!40103 SET TIME_ZONE='+00:00' */;
/*!40014 SET @OLD_FOREIGN_KEY_CHECKS=@@FOREIGN_KEY_CHECKS, FOREIGN_KEY_CHECKS=0 */;
/*!40101 SET @OLD_SQL_MODE=@@SQL_MODE, SQL_MODE='NO_AUTO_VALUE_ON_ZERO' */;
/*!40111 SET @OLD_SQL_NOTES=@@SQL_NOTES, SQL_NOTES=0 */;

-- Dumping structure for table career.auth_activation_attempts
CREATE TABLE IF NOT EXISTS `auth_activation_attempts` (
  `id` int unsigned NOT NULL AUTO_INCREMENT,
  `ip_address` varchar(255) COLLATE utf8mb4_general_ci NOT NULL,
  `user_agent` varchar(255) COLLATE utf8mb4_general_ci NOT NULL,
  `token` varchar(255) COLLATE utf8mb4_general_ci DEFAULT NULL,
  `created_at` datetime NOT NULL DEFAULT CURRENT_TIMESTAMP,
  PRIMARY KEY (`id`)
) ENGINE=InnoDB AUTO_INCREMENT=86 DEFAULT CHARSET=utf8mb4 COLLATE=utf8mb4_general_ci;

-- Dumping data for table career.auth_activation_attempts: ~61 rows (approximately)
INSERT INTO `auth_activation_attempts` (`id`, `ip_address`, `user_agent`, `token`, `created_at`) VALUES
	(1, '050bf77ec2bcac3d82d07282b5a6e4ea736d98b0a64c3d1665944387efcf2c0c', '::1', '1', '2025-09-14 15:04:25'),
	(2, '236cca8c3a325d356e63e9217d9298d535a406e523e6aa84ab708da46ed531ed', 'Mozilla/5.0 (Windows NT 10.0; Win64; x64) AppleWebKit/537.36 (KHTML, like Gecko) Chrome/140.0.0.0 Safari/537.36', '::1', '2025-09-14 16:40:58'),
	(3, '2f4efc0dc9a0336d8bd380d1e774137756d86656955430460c050a0160aec09c', 'Mozilla/5.0 (Windows NT 10.0; Win64; x64) AppleWebKit/537.36 (KHTML, like Gecko) Chrome/140.0.0.0 Safari/537.36', '::1', '2025-09-14 16:44:30'),
	(4, '41bd9f9cca8960cbfb4b15f153456a8583ae9f8bc3df81c7d33b7fe8f67d5742', 'Mozilla/5.0 (Windows NT 10.0; Win64; x64) AppleWebKit/537.36 (KHTML, like Gecko) Chrome/140.0.0.0 Safari/537.36', '::1', '2025-09-15 15:30:12'),
	(5, 'bafc7844dc21777f901cbbd5deba8da315d8e0cc622e7b7b622f4b5e0a2d59d2', 'Mozilla/5.0 (Windows NT 10.0; Win64; x64) AppleWebKit/537.36 (KHTML, like Gecko) Chrome/140.0.0.0 Safari/537.36', '::1', '2025-09-15 15:35:56'),
	(6, '::1', 'Mozilla/5.0 (Windows NT 10.0; Win64; x64) AppleWebKit/537.36 (KHTML, like Gecko) Chrome/140.0.0.0 Safari/537.36', '50bca8d540f3a3cbeae9b0ff0698f2db16184ecf9bde88efcbd93e15d2cf292d', '2025-09-15 15:48:26'),
	(7, '::1', 'Mozilla/5.0 (Windows NT 10.0; Win64; x64) AppleWebKit/537.36 (KHTML, like Gecko) Chrome/140.0.0.0 Safari/537.36', 'eyJ0eXAiOiJKV1QiLCJhbGciOiJIUzI1NiJ9.eyJ1c2VyIjoicmFyZGlhbnRvIiwiaWF0IjoxNzU3OTUyNzYwLCJleHAiOjE3NjA1NDQ3NjB9.zdX5u2f47YF3NR4Kr2RYpO1FQyVUrSdgEIfqRtPZBOs', '2025-09-15 16:12:40'),
	(8, '::1', 'Mozilla/5.0 (Windows NT 10.0; Win64; x64) AppleWebKit/537.36 (KHTML, like Gecko) Chrome/140.0.0.0 Safari/537.36', 'eyJ0eXAiOiJKV1QiLCJhbGciOiJIUzI1NiJ9.eyJ1c2VyIjoicmFyZGlhbnRvIiwiaWF0IjoxNzU3OTUzNjI3LCJleHAiOjE3NjA1NDU2Mjd9.26ATdqmrJipqqFJ2zKT7EdMXc6vYWxnZ7o_i7VEvYk4', '2025-09-15 16:27:07'),
	(9, '::1', 'Mozilla/5.0 (Windows NT 10.0; Win64; x64) AppleWebKit/537.36 (KHTML, like Gecko) Chrome/140.0.0.0 Safari/537.36', 'eyJ0eXAiOiJKV1QiLCJhbGciOiJIUzI1NiJ9.eyJ1c2VyIjoicmFyZGlhbnRvIiwiaWF0IjoxNzU3OTkxMDczLCJleHAiOjE3NjA1ODMwNzN9.BGsOPho0G4ylCtrCrTCVbbMqu3L9eCw-rgKpdcqB-Dw', '2025-09-16 02:51:13'),
	(10, '::1', 'Mozilla/5.0 (Windows NT 10.0; Win64; x64) AppleWebKit/537.36 (KHTML, like Gecko) Chrome/140.0.0.0 Safari/537.36', 'eyJ0eXAiOiJKV1QiLCJhbGciOiJIUzI1NiJ9.eyJ1c2VyIjoicmFyZGlhbnRvIiwiaWF0IjoxNzU4MDc4OTMxLCJleHAiOjE3NjA2NzA5MzF9.K4Zj7HIp-roi9log5lN5Z2A3a--xmr6O7RDmdRf52Q8', '2025-09-17 03:15:31'),
	(11, '::1', 'Mozilla/5.0 (Windows NT 10.0; Win64; x64) AppleWebKit/537.36 (KHTML, like Gecko) Chrome/140.0.0.0 Safari/537.36', 'eyJ0eXAiOiJKV1QiLCJhbGciOiJIUzI1NiJ9.eyJ1c2VyIjoicmFyZGlhbnRvIiwiaWF0IjoxNzU4MDgxMzU0LCJleHAiOjE3NjA2NzMzNTR9.tdDS9isMtPgmQTza9E4S_nMguy0MrfxwbFWgsFCfjRw', '2025-09-17 03:55:54'),
	(12, '::1', 'Mozilla/5.0 (Windows NT 10.0; Win64; x64) AppleWebKit/537.36 (KHTML, like Gecko) Chrome/140.0.0.0 Safari/537.36', 'eyJ0eXAiOiJKV1QiLCJhbGciOiJIUzI1NiJ9.eyJ1c2VyIjoicmFyZGlhbnRvIiwiaWF0IjoxNzU4MDgzOTY4LCJleHAiOjE3NjA2NzU5Njh9.oYvXjCaohL3P8B0sZESYds6yhqsS7u45xrziYLCjua0', '2025-09-17 04:39:28'),
	(13, '::1', 'Mozilla/5.0 (Windows NT 10.0; Win64; x64) AppleWebKit/537.36 (KHTML, like Gecko) Chrome/140.0.0.0 Safari/537.36', 'eyJ0eXAiOiJKV1QiLCJhbGciOiJIUzI1NiJ9.eyJ1c2VyIjoicmFyZGlhbnRvIiwiaWF0IjoxNzU4MDg0MTYyLCJleHAiOjE3NjA2NzYxNjJ9.8nAzutIFdReCCMgG8W63GVUmWJ3JV3sTIw28oOqQkxc', '2025-09-17 04:42:42'),
	(14, '::1', 'Mozilla/5.0 (Windows NT 10.0; Win64; x64) AppleWebKit/537.36 (KHTML, like Gecko) Chrome/140.0.0.0 Safari/537.36', 'eyJ0eXAiOiJKV1QiLCJhbGciOiJIUzI1NiJ9.eyJ1c2VyIjoicmFyZGlhbnRvIiwiaWF0IjoxNzU4MDg0MjYwLCJleHAiOjE3NjA2NzYyNjB9.cCC1x8P57cAhjapAp_LZMQR0AfNx6wlOt9RLsnYgmqs', '2025-09-17 04:44:20'),
	(15, '::1', 'Mozilla/5.0 (Windows NT 10.0; Win64; x64) AppleWebKit/537.36 (KHTML, like Gecko) Chrome/140.0.0.0 Safari/537.36', 'eyJ0eXAiOiJKV1QiLCJhbGciOiJIUzI1NiJ9.eyJ1c2VyIjoicmFyZGlhbnRvIiwiaWF0IjoxNzU4MDg0Mjk3LCJleHAiOjE3NjA2NzYyOTd9.jnCs8QWACrGzpb0Rl_7O_ts_DZ55GrGlkppiQClCLsw', '2025-09-17 04:44:57'),
	(16, '::1', 'Mozilla/5.0 (Windows NT 10.0; Win64; x64) AppleWebKit/537.36 (KHTML, like Gecko) Chrome/140.0.0.0 Safari/537.36', 'eyJ0eXAiOiJKV1QiLCJhbGciOiJIUzI1NiJ9.eyJ1c2VyIjoicmFyZGlhbnRvIiwiaWF0IjoxNzU4MDg0NDEyLCJleHAiOjE3NjA2NzY0MTJ9.bssr4FS9YjAkF8jNfAKmp01vxkhK4dih9lPJz34nZnc', '2025-09-17 04:46:52'),
	(17, '::1', 'Mozilla/5.0 (Windows NT 10.0; Win64; x64) AppleWebKit/537.36 (KHTML, like Gecko) Chrome/140.0.0.0 Safari/537.36', 'eyJ0eXAiOiJKV1QiLCJhbGciOiJIUzI1NiJ9.eyJ1c2VyIjoicmFyZGlhbnRvIiwiaWF0IjoxNzU4MDg0NDQ2LCJleHAiOjE3NjA2NzY0NDZ9.21rVe7ep4e9uNhgkiQEvBRwz6JI44PoSYTmOW4a6Wyk', '2025-09-17 04:47:26'),
	(18, '::1', 'Mozilla/5.0 (Windows NT 10.0; Win64; x64) AppleWebKit/537.36 (KHTML, like Gecko) Chrome/140.0.0.0 Safari/537.36', 'eyJ0eXAiOiJKV1QiLCJhbGciOiJIUzI1NiJ9.eyJ1c2VyIjoicmFyZGlhbnRvIiwiaWF0IjoxNzU4MDg0NTcxLCJleHAiOjE3NjA2NzY1NzF9.tNt7PLjCvYn67Ra5hBtoIghFZdYJG4nP95shTCPb0Ow', '2025-09-17 04:49:31'),
	(19, '::1', 'Mozilla/5.0 (Windows NT 10.0; Win64; x64) AppleWebKit/537.36 (KHTML, like Gecko) Chrome/140.0.0.0 Safari/537.36', 'eyJ0eXAiOiJKV1QiLCJhbGciOiJIUzI1NiJ9.eyJ1c2VyIjoicmFyZGlhbnRvIiwiaWF0IjoxNzU4MDg2Njg5LCJleHAiOjE3NjA2Nzg2ODl9.l7bXFpqFW0qr3Iw4e_fHcDDh6WNjUOA5ZoAzSOa4jnQ', '2025-09-17 05:24:49'),
	(20, '::1', 'Mozilla/5.0 (Windows NT 10.0; Win64; x64) AppleWebKit/537.36 (KHTML, like Gecko) Chrome/140.0.0.0 Safari/537.36', 'eyJ0eXAiOiJKV1QiLCJhbGciOiJIUzI1NiJ9.eyJ1c2VyIjoicmFyZGlhbnRvIiwiaWF0IjoxNzU4MDg3MzQ1LCJleHAiOjE3NjA2NzkzNDV9.mZ7icTawG2D5PA3iQrSRP4AUXfB6g1P2azqAmoVD99A', '2025-09-17 05:35:45'),
	(21, '::1', 'Mozilla/5.0 (Windows NT 10.0; Win64; x64) AppleWebKit/537.36 (KHTML, like Gecko) Chrome/140.0.0.0 Safari/537.36', 'eyJ0eXAiOiJKV1QiLCJhbGciOiJIUzI1NiJ9.eyJ1c2VyIjoicmFyZGlhbnRvIiwiaWF0IjoxNzU4MDg4ODc5LCJleHAiOjE3NjA2ODA4Nzl9.uALxDHPqTDn5JJWAezYG-rN2Uh6xI05uuAFUMw4feYE', '2025-09-17 06:01:19'),
	(22, '::1', 'Mozilla/5.0 (Windows NT 10.0; Win64; x64) AppleWebKit/537.36 (KHTML, like Gecko) Chrome/140.0.0.0 Safari/537.36', 'eyJ0eXAiOiJKV1QiLCJhbGciOiJIUzI1NiJ9.eyJ1c2VyIjoicmFyZGlhbnRvIiwiaWF0IjoxNzU4MDkwMDgzLCJleHAiOjE3NjA2ODIwODN9.KJJJMLcJGmpiRfOK0WGLiH-MIRJ6QAGok_hBZoNR7eg', '2025-09-17 06:21:23'),
	(23, '::1', 'Mozilla/5.0 (iPhone; CPU iPhone OS 15_0 like Mac OS X) AppleWebKit/603.1.30 (KHTML, like Gecko) Version/17.5 Mobile/15A5370a Safari/602.1', 'eyJ0eXAiOiJKV1QiLCJhbGciOiJIUzI1NiJ9.eyJ1c2VyIjoicmFyZGlhbnRvIiwiaWF0IjoxNzU4MTc2OTU2LCJleHAiOjE3NjA3Njg5NTZ9._LrkikcVXdRLNprXNeUnEwOGsjH4yHufNGjjHwWheYw', '2025-09-18 06:29:16'),
	(24, '::1', 'Mozilla/5.0 (Windows NT 10.0; Win64; x64) AppleWebKit/537.36 (KHTML, like Gecko) Chrome/140.0.0.0 Safari/537.36', 'eyJ0eXAiOiJKV1QiLCJhbGciOiJIUzI1NiJ9.eyJ1c2VyIjoicmFyZGlhbnRvIiwiaWF0IjoxNzU4MTc2OTg0LCJleHAiOjE3NjA3Njg5ODR9.yiLvU6Ejf7hSqhErptIWlp8F1nL1RFwJVTxnO7sGSHc', '2025-09-18 06:29:44'),
	(25, '::1', 'Mozilla/5.0 (Windows NT 10.0; Win64; x64) AppleWebKit/537.36 (KHTML, like Gecko) Chrome/140.0.0.0 Safari/537.36', 'eyJ0eXAiOiJKV1QiLCJhbGciOiJIUzI1NiJ9.eyJ1c2VyIjoicmFyZGlhbnRvIiwiaWF0IjoxNzU4MTkwNzE4LCJleHAiOjE3NjA3ODI3MTh9.nKURKHQCz9UySIJLfl7sJzqlto_BQssIw9wT2c-JhHo', '2025-09-18 10:18:38'),
	(26, '::1', 'Mozilla/5.0 (Windows NT 10.0; Win64; x64) AppleWebKit/537.36 (KHTML, like Gecko) Chrome/140.0.0.0 Safari/537.36', 'eyJ0eXAiOiJKV1QiLCJhbGciOiJIUzI1NiJ9.eyJ1c2VyIjoicmFyZGlhbnRvIiwiaWF0IjoxNzU4MjM5OTQ1LCJleHAiOjE3NjA4MzE5NDV9.SIQrYdQ2mIxpfuFT4lTR-jvg_A7ML4CL4FhUI6UqDh8', '2025-09-18 23:59:06'),
	(27, '::1', 'Mozilla/5.0 (Windows NT 10.0; Win64; x64) AppleWebKit/537.36 (KHTML, like Gecko) Chrome/140.0.0.0 Safari/537.36', 'eyJ0eXAiOiJKV1QiLCJhbGciOiJIUzI1NiJ9.eyJ1c2VyIjoicmFyZGlhbnRvIiwiaWF0IjoxNzU4MjQ1MzU5LCJleHAiOjE3NjA4MzczNTl9.SNMDuSjoR1Ebins-o2R8MRBQar0HuOo7eFRTQUmLuHU', '2025-09-19 01:29:19'),
	(28, '::1', 'Mozilla/5.0 (Windows NT 10.0; Win64; x64) AppleWebKit/537.36 (KHTML, like Gecko) Chrome/140.0.0.0 Safari/537.36', 'eyJ0eXAiOiJKV1QiLCJhbGciOiJIUzI1NiJ9.eyJ1c2VyIjoicmFyZGlhbnRvIiwiaWF0IjoxNzU4MjU1NjQ1LCJleHAiOjE3NjA4NDc2NDV9.LludC9TBlAUrYcULirPimdiGBIicoZfD5btOSaTk8YI', '2025-09-19 04:20:45'),
	(29, '::1', 'Mozilla/5.0 (Windows NT 10.0; Win64; x64) AppleWebKit/537.36 (KHTML, like Gecko) Chrome/140.0.0.0 Safari/537.36', 'eyJ0eXAiOiJKV1QiLCJhbGciOiJIUzI1NiJ9.eyJ1c2VyIjoicmFyZGlhbnRvIiwiaWF0IjoxNzU4MjYwMDU5LCJleHAiOjE3NjA4NTIwNTl9.wdV3bc3gGwtCO52wWfb9x6F13gmj83TOKR3SddL8D7E', '2025-09-19 05:34:19'),
	(30, '::1', 'Mozilla/5.0 (Windows NT 10.0; Win64; x64) AppleWebKit/537.36 (KHTML, like Gecko) Chrome/140.0.0.0 Safari/537.36', 'eyJ0eXAiOiJKV1QiLCJhbGciOiJIUzI1NiJ9.eyJ1c2VyIjoicmFyZGlhbnRvIiwiaWF0IjoxNzU4MjYwMTcyLCJleHAiOjE3NjA4NTIxNzJ9.pxTwXNsZuneB98BskdqMIYk99ybEKwdXYYJhSex7UNE', '2025-09-19 05:36:12'),
	(31, '::1', 'Mozilla/5.0 (Windows NT 10.0; Win64; x64) AppleWebKit/537.36 (KHTML, like Gecko) Chrome/140.0.0.0 Safari/537.36', 'eyJ0eXAiOiJKV1QiLCJhbGciOiJIUzI1NiJ9.eyJ1c2VyIjoicmFyZGlhbnRvIiwiaWF0IjoxNzU4MjYxMTM2LCJleHAiOjE3NjA4NTMxMzZ9.tZwSVcyl9fA0WerA2cIepbJlQ1jkzshmJq0qKHW6_6s', '2025-09-19 05:52:16'),
	(32, '::1', 'Mozilla/5.0 (Windows NT 10.0; Win64; x64) AppleWebKit/537.36 (KHTML, like Gecko) Chrome/140.0.0.0 Safari/537.36', 'eyJ0eXAiOiJKV1QiLCJhbGciOiJIUzI1NiJ9.eyJ1c2VyIjoicmFyZGlhbnRvIiwiaWF0IjoxNzU4MjY2MjUzLCJleHAiOjE3NjA4NTgyNTN9.CmtTFZbj73-jvL3ASGDHJuvcI7UFtmOsU2eTXwsGp3Y', '2025-09-19 07:17:33'),
	(33, '::1', 'Mozilla/5.0 (Windows NT 10.0; Win64; x64) AppleWebKit/537.36 (KHTML, like Gecko) Chrome/140.0.0.0 Safari/537.36', 'eyJ0eXAiOiJKV1QiLCJhbGciOiJIUzI1NiJ9.eyJ1c2VyIjoicmFyZGlhbnRvIiwiaWF0IjoxNzU4MjczNTA5LCJleHAiOjE3NjA4NjU1MDl9.pueWFz__yxTq_y1aXjwlu7R9JDJaX5odHFgwREdNZCU', '2025-09-19 09:18:29'),
	(34, '::1', 'Mozilla/5.0 (Windows NT 10.0; Win64; x64) AppleWebKit/537.36 (KHTML, like Gecko) Chrome/140.0.0.0 Safari/537.36', 'eyJ0eXAiOiJKV1QiLCJhbGciOiJIUzI1NiJ9.eyJ1c2VyIjoicmFyZGlhbnRvIiwiaWF0IjoxNzU4MjgyNzg4LCJleHAiOjE3NjA4NzQ3ODh9._R4vTox_2VQFvhUVm9AZpIq9UnCmoY7FBvd7IYsj7kg', '2025-09-19 11:53:08'),
	(35, '::1', 'Mozilla/5.0 (Windows NT 10.0; Win64; x64) AppleWebKit/537.36 (KHTML, like Gecko) Chrome/140.0.0.0 Safari/537.36', 'eyJ0eXAiOiJKV1QiLCJhbGciOiJIUzI1NiJ9.eyJ1c2VyIjoiZGV2ZWxvcGVyIiwiaWF0IjoxNzU4Mjg0MDQxLCJleHAiOjE3NjA4NzYwNDF9.0fe8qP6d-2sUHnkGxoNpshdFcN2G0YC2pZRKsZecdeA', '2025-09-19 12:14:01'),
	(36, '::1', 'Mozilla/5.0 (Windows NT 10.0; Win64; x64) AppleWebKit/537.36 (KHTML, like Gecko) Chrome/140.0.0.0 Safari/537.36', 'eyJ0eXAiOiJKV1QiLCJhbGciOiJIUzI1NiJ9.eyJ1c2VyIjoiZGV2ZWxvcGVyIiwiaWF0IjoxNzU4Mjg0MDY0LCJleHAiOjE3NjA4NzYwNjR9.ZXUI_3tEMOI7BIJq-Tn-6F5kYv0fjQQOTjgRgHzJ6EQ', '2025-09-19 12:14:24'),
	(37, '::1', 'Mozilla/5.0 (Windows NT 10.0; Win64; x64) AppleWebKit/537.36 (KHTML, like Gecko) Chrome/140.0.0.0 Safari/537.36', 'eyJ0eXAiOiJKV1QiLCJhbGciOiJIUzI1NiJ9.eyJ1c2VyIjoiZGV2ZWxvcGVyIiwiaWF0IjoxNzU4Mjg0NDY3LCJleHAiOjE3NjA4NzY0Njd9.k41N2NbGppv3BqCkE_mK9J2o0uMG-GGDah7CPQz21bg', '2025-09-19 12:21:07'),
	(38, '::1', 'Mozilla/5.0 (Windows NT 10.0; Win64; x64) AppleWebKit/537.36 (KHTML, like Gecko) Chrome/140.0.0.0 Safari/537.36', 'eyJ0eXAiOiJKV1QiLCJhbGciOiJIUzI1NiJ9.eyJ1c2VyIjoicmFyZGlhbnRvIiwiaWF0IjoxNzU4Mjg0NDg5LCJleHAiOjE3NjA4NzY0ODl9.McrqprzKtl7-0h_mdf-KbTaNKjFRVknUz5kPkY5Oktg', '2025-09-19 12:21:29'),
	(39, '::1', 'Mozilla/5.0 (Windows NT 10.0; Win64; x64) AppleWebKit/537.36 (KHTML, like Gecko) Chrome/140.0.0.0 Safari/537.36', 'eyJ0eXAiOiJKV1QiLCJhbGciOiJIUzI1NiJ9.eyJ1c2VyIjoiZGV2ZWxvcGVyIiwiaWF0IjoxNzU4Mjg0NTc3LCJleHAiOjE3NjA4NzY1Nzd9.hRGPdhb7U92A8sPwF27r-Xi8tHGl5c_GtBnVm-A1wHs', '2025-09-19 12:22:57'),
	(40, '::1', 'Mozilla/5.0 (Windows NT 10.0; Win64; x64) AppleWebKit/537.36 (KHTML, like Gecko) Chrome/140.0.0.0 Safari/537.36', 'eyJ0eXAiOiJKV1QiLCJhbGciOiJIUzI1NiJ9.eyJ1c2VyIjoiZGV2ZWxvcGVyIiwiaWF0IjoxNzU4Mjg0NjY1LCJleHAiOjE3NjA4NzY2NjV9.831h4eZCv9X9e_AfWhnczngxIhNj47gR7xEGq5UWsf0', '2025-09-19 12:24:25'),
	(41, '::1', 'Mozilla/5.0 (Windows NT 10.0; Win64; x64) AppleWebKit/537.36 (KHTML, like Gecko) Chrome/140.0.0.0 Safari/537.36', 'eyJ0eXAiOiJKV1QiLCJhbGciOiJIUzI1NiJ9.eyJ1c2VyIjoiZGV2ZWxvcGVyIiwiaWF0IjoxNzU4Mjg0NzE0LCJleHAiOjE3NjA4NzY3MTR9.87Ha-C2aeMIncuOv4OSu-YRtMPF6pLEPsxgH8rGzyB0', '2025-09-19 12:25:14'),
	(42, '::1', 'Mozilla/5.0 (Windows NT 10.0; Win64; x64) AppleWebKit/537.36 (KHTML, like Gecko) Chrome/140.0.0.0 Safari/537.36', 'eyJ0eXAiOiJKV1QiLCJhbGciOiJIUzI1NiJ9.eyJ1c2VyIjoicmFyZGlhbnRvIiwiaWF0IjoxNzU4Mjg0NzI3LCJleHAiOjE3NjA4NzY3Mjd9.d7PV8vxEsEhvxBSre_u6R-2VCwwSpB23a9KNhugFcvo', '2025-09-19 12:25:27'),
	(43, '::1', 'Mozilla/5.0 (Windows NT 10.0; Win64; x64) AppleWebKit/537.36 (KHTML, like Gecko) Chrome/140.0.0.0 Safari/537.36', 'eyJ0eXAiOiJKV1QiLCJhbGciOiJIUzI1NiJ9.eyJ1c2VyIjoicmFyZGlhbnRvIiwiaWF0IjoxNzU4Mjg0ODM5LCJleHAiOjE3NjA4NzY4Mzl9.Z2rkE15Hl2L56vFkIMxH2J6K4VJWLKkSFogP3jPQPm8', '2025-09-19 12:27:19'),
	(44, '::1', 'Mozilla/5.0 (Windows NT 10.0; Win64; x64) AppleWebKit/537.36 (KHTML, like Gecko) Chrome/140.0.0.0 Safari/537.36', 'eyJ0eXAiOiJKV1QiLCJhbGciOiJIUzI1NiJ9.eyJ1c2VyIjoicmFyZGlhbnRvIiwiaWF0IjoxNzU4Mjg0ODQ3LCJleHAiOjE3NjA4NzY4NDd9.V7eN_mndf7BPdBnQFavbZT9uNAp-aO5vBAB121Plqlg', '2025-09-19 12:27:27'),
	(45, '::1', 'Mozilla/5.0 (Windows NT 10.0; Win64; x64) AppleWebKit/537.36 (KHTML, like Gecko) Chrome/140.0.0.0 Safari/537.36', 'eyJ0eXAiOiJKV1QiLCJhbGciOiJIUzI1NiJ9.eyJ1c2VyIjoiZGV2ZWxvcGVyIiwiaWF0IjoxNzU4Mjg0ODc0LCJleHAiOjE3NjA4NzY4NzR9.ONYdlGval5oXeSWtKVcPpuOuGTRkyx9nWQKCkX7G8VU', '2025-09-19 12:27:54'),
	(46, '::1', 'Mozilla/5.0 (Windows NT 10.0; Win64; x64) AppleWebKit/537.36 (KHTML, like Gecko) Chrome/140.0.0.0 Safari/537.36', 'eyJ0eXAiOiJKV1QiLCJhbGciOiJIUzI1NiJ9.eyJ1c2VyIjoiZGV2ZWxvcGVyIiwiaWF0IjoxNzU4Mjg1MjM0LCJleHAiOjE3NjA4NzcyMzR9.qushKkj5o4WHdrOB2B5_Pbx3IcoRKCf2IvVugrq16Z4', '2025-09-19 12:33:54'),
	(47, '::1', 'Mozilla/5.0 (Windows NT 10.0; Win64; x64) AppleWebKit/537.36 (KHTML, like Gecko) Chrome/140.0.0.0 Safari/537.36', 'eyJ0eXAiOiJKV1QiLCJhbGciOiJIUzI1NiJ9.eyJ1c2VyIjoiZGV2ZWxvcGVyIiwiaWF0IjoxNzU4Mjg1MjcxLCJleHAiOjE3NjA4NzcyNzF9.V4Ril_eFPWrVHbtnLou5N1q17U4aAs4Fpq6Jt4j0Abw', '2025-09-19 12:34:31'),
	(48, '::1', 'Mozilla/5.0 (Windows NT 10.0; Win64; x64) AppleWebKit/537.36 (KHTML, like Gecko) Chrome/140.0.0.0 Safari/537.36', 'eyJ0eXAiOiJKV1QiLCJhbGciOiJIUzI1NiJ9.eyJ1c2VyIjoiZGV2ZWxvcGVyIiwiaWF0IjoxNzU4Mjg1MzY1LCJleHAiOjE3NjA4NzczNjV9.rGiPs2Qa79-jnmbF2ZDssOwk-qSeCTTjVgpqkvWWrMk', '2025-09-19 12:36:05'),
	(49, '::1', 'Mozilla/5.0 (Windows NT 10.0; Win64; x64) AppleWebKit/537.36 (KHTML, like Gecko) Chrome/140.0.0.0 Safari/537.36', 'eyJ0eXAiOiJKV1QiLCJhbGciOiJIUzI1NiJ9.eyJ1c2VyIjoicmFyZGlhbnRvIiwiaWF0IjoxNzU4Mjg1Mzc2LCJleHAiOjE3NjA4NzczNzZ9.ztYg8VG43oLoBQPM5hIvdm1lb-zmjKTrKOn_J4hL-ZE', '2025-09-19 12:36:16'),
	(50, '::1', 'Mozilla/5.0 (Windows NT 10.0; Win64; x64) AppleWebKit/537.36 (KHTML, like Gecko) Chrome/140.0.0.0 Safari/537.36', 'eyJ0eXAiOiJKV1QiLCJhbGciOiJIUzI1NiJ9.eyJ1c2VyIjoicmFyZGlhbnRvIiwiaWF0IjoxNzU4Mjg1NDc4LCJleHAiOjE3NjA4Nzc0Nzh9.4aptFaQsRpOfxBiamAOr5xnrHg6grERn12w9YEtaz3k', '2025-09-19 12:37:58'),
	(51, '::1', 'Mozilla/5.0 (Windows NT 10.0; Win64; x64) AppleWebKit/537.36 (KHTML, like Gecko) Chrome/140.0.0.0 Safari/537.36', 'eyJ0eXAiOiJKV1QiLCJhbGciOiJIUzI1NiJ9.eyJ1c2VyIjoicmFyZGlhbnRvIiwiaWF0IjoxNzU4Mjg1NTQ5LCJleHAiOjE3NjA4Nzc1NDl9.8gqzFr7VWh_UCZZ1YsxymbFEaSjj2IwIVN8_X1V9PNk', '2025-09-19 12:39:09'),
	(52, '::1', 'Mozilla/5.0 (Windows NT 10.0; Win64; x64) AppleWebKit/537.36 (KHTML, like Gecko) Chrome/140.0.0.0 Safari/537.36', 'eyJ0eXAiOiJKV1QiLCJhbGciOiJIUzI1NiJ9.eyJ1c2VyIjoiZGV2ZWxvcGVyIiwiaWF0IjoxNzU4Mjg1NTU3LCJleHAiOjE3NjA4Nzc1NTd9.V_NcUSMjHmVkw7clDf4z_z_T9hKBoalN_ZjGQIH-P3I', '2025-09-19 12:39:17'),
	(53, '::1', 'Mozilla/5.0 (Windows NT 10.0; Win64; x64) AppleWebKit/537.36 (KHTML, like Gecko) Chrome/140.0.0.0 Safari/537.36', 'eyJ0eXAiOiJKV1QiLCJhbGciOiJIUzI1NiJ9.eyJ1c2VyIjoicmFyZGlhbnRvIiwiaWF0IjoxNzU4Mjg2MjY3LCJleHAiOjE3NjA4NzgyNjd9.7eK7zjmTQHdWo4IT5Tk6TqJ4TDm-PN0tk2xawTQK3-g', '2025-09-19 12:51:07'),
	(54, '::1', 'Mozilla/5.0 (Windows NT 10.0; Win64; x64) AppleWebKit/537.36 (KHTML, like Gecko) Chrome/140.0.0.0 Safari/537.36', 'eyJ0eXAiOiJKV1QiLCJhbGciOiJIUzI1NiJ9.eyJ1c2VyIjoiZGV2ZWxvcGVyIiwiaWF0IjoxNzU4Mjg2Mjc4LCJleHAiOjE3NjA4NzgyNzh9.nXtBjhTxuTqoeZeIsOW_L5kFPKCSUATlxmrxCKYlcHI', '2025-09-19 12:51:18'),
	(55, '::1', 'Mozilla/5.0 (Windows NT 10.0; Win64; x64) AppleWebKit/537.36 (KHTML, like Gecko) Chrome/140.0.0.0 Safari/537.36', 'eyJ0eXAiOiJKV1QiLCJhbGciOiJIUzI1NiJ9.eyJ1c2VyIjoiZGV2ZWxvcGVyIiwiaWF0IjoxNzU4Mjg2MzA2LCJleHAiOjE3NjA4NzgzMDZ9.bZ2QWxpt_gNxvhra1Mqku4m2ln3Fie5MDVES7jqNx4c', '2025-09-19 12:51:46'),
	(56, '::1', 'Mozilla/5.0 (Windows NT 10.0; Win64; x64) AppleWebKit/537.36 (KHTML, like Gecko) Chrome/140.0.0.0 Safari/537.36', 'eyJ0eXAiOiJKV1QiLCJhbGciOiJIUzI1NiJ9.eyJ1c2VyIjoiZGV2ZWxvcGVyIiwiaWF0IjoxNzU4Mjg2MzI1LCJleHAiOjE3NjA4NzgzMjV9.4C27xv2JC93kKSUjkr_Wj8DxM8xAcirXetv1-klEn5M', '2025-09-19 12:52:05'),
	(57, '::1', 'Mozilla/5.0 (Windows NT 10.0; Win64; x64) AppleWebKit/537.36 (KHTML, like Gecko) Chrome/140.0.0.0 Safari/537.36', 'eyJ0eXAiOiJKV1QiLCJhbGciOiJIUzI1NiJ9.eyJ1c2VyIjoicmFyZGlhbnRvIiwiaWF0IjoxNzU4Mjg2MzQyLCJleHAiOjE3NjA4NzgzNDJ9.G7OYFHLUJNGEWe5P68yV19OKSdvRmlilwquTMmqGEuQ', '2025-09-19 12:52:22'),
	(58, '::1', 'Mozilla/5.0 (Windows NT 10.0; Win64; x64) AppleWebKit/537.36 (KHTML, like Gecko) Chrome/140.0.0.0 Safari/537.36', 'eyJ0eXAiOiJKV1QiLCJhbGciOiJIUzI1NiJ9.eyJ1c2VyIjoiZGV2ZWxvcGVyIiwiaWF0IjoxNzU4Mjg2MzYwLCJleHAiOjE3NjA4NzgzNjB9.zmJDV9Qh60BkUdIS7WVMSk8GpSA96YkXGe243wJwNfc', '2025-09-19 12:52:40'),
	(59, '::1', 'Mozilla/5.0 (Windows NT 10.0; Win64; x64) AppleWebKit/537.36 (KHTML, like Gecko) Chrome/140.0.0.0 Safari/537.36', 'eyJ0eXAiOiJKV1QiLCJhbGciOiJIUzI1NiJ9.eyJ1c2VyIjoiZGV2ZWxvcGVyIiwiaWF0IjoxNzU4Mjg2MzkzLCJleHAiOjE3NjA4NzgzOTN9.NPAjZlGTQmWhPiND-ZeQshFIJ7hEB-5AxOUYdSIA1Ks', '2025-09-19 12:53:13'),
	(60, '::1', 'Mozilla/5.0 (Windows NT 10.0; Win64; x64) AppleWebKit/537.36 (KHTML, like Gecko) Chrome/140.0.0.0 Safari/537.36', 'eyJ0eXAiOiJKV1QiLCJhbGciOiJIUzI1NiJ9.eyJ1c2VyIjoiZGV2ZWxvcGVyIiwiaWF0IjoxNzU4Mjg2NDEwLCJleHAiOjE3NjA4Nzg0MTB9.-TKV0ALDPEuxUd3_AJ5hkzu14qa2H7s2PRnIVf792bI', '2025-09-19 12:53:30'),
	(61, '::1', 'Mozilla/5.0 (Windows NT 10.0; Win64; x64) AppleWebKit/537.36 (KHTML, like Gecko) Chrome/140.0.0.0 Safari/537.36', 'eyJ0eXAiOiJKV1QiLCJhbGciOiJIUzI1NiJ9.eyJ1c2VyIjoiZGV2ZWxvcGVyIiwiaWF0IjoxNzU4Mjg2OTA0LCJleHAiOjE3NjA4Nzg5MDR9.ydFxuqRf7r9ueo3d8_zdKGB-zA_rk44q4ZkHQKs2EeE', '2025-09-19 13:01:44'),
	(62, '::1', 'Mozilla/5.0 (Windows NT 10.0; Win64; x64) AppleWebKit/537.36 (KHTML, like Gecko) Chrome/140.0.0.0 Safari/537.36', 'eyJ0eXAiOiJKV1QiLCJhbGciOiJIUzI1NiJ9.eyJ1c2VyIjoiZGV2ZWxvcGVyIiwiaWF0IjoxNzU4Mjg2OTIzLCJleHAiOjE3NjA4Nzg5MjN9.M2yL28CDtorEE0mnFSbrp9OsouYN6XbzJWbV9EiYAv8', '2025-09-19 13:02:03'),
	(63, '::1', 'Mozilla/5.0 (Windows NT 10.0; Win64; x64) AppleWebKit/537.36 (KHTML, like Gecko) Chrome/140.0.0.0 Safari/537.36', 'eyJ0eXAiOiJKV1QiLCJhbGciOiJIUzI1NiJ9.eyJ1c2VyIjoiZGV2ZWxvcGVyIiwiaWF0IjoxNzU4Mjg3MDk5LCJleHAiOjE3NjA4NzkwOTl9.CgbuZMtmT21OJTGRBXnqwSOjTIKtilpnjwgi2BT_tpw', '2025-09-19 13:04:59'),
	(64, '::1', 'Mozilla/5.0 (Windows NT 10.0; Win64; x64) AppleWebKit/537.36 (KHTML, like Gecko) Chrome/140.0.0.0 Safari/537.36', 'eyJ0eXAiOiJKV1QiLCJhbGciOiJIUzI1NiJ9.eyJ1c2VyIjoiZGV2ZWxvcGVyIiwiaWF0IjoxNzU4MzMzNjYyLCJleHAiOjE3NjA5MjU2NjJ9.pVj7hwTgI8LsKeH6TrmF3kcJMosFSN49AJFxW5XvybM', '2025-09-20 02:01:02'),
	(65, '::1', 'Mozilla/5.0 (Windows NT 10.0; Win64; x64) AppleWebKit/537.36 (KHTML, like Gecko) Chrome/140.0.0.0 Safari/537.36', 'eyJ0eXAiOiJKV1QiLCJhbGciOiJIUzI1NiJ9.eyJ1c2VyIjoicmFyZGlhbnRvIiwiaWF0IjoxNzU4Mzc2MzI5LCJleHAiOjE3NjA5NjgzMjl9.I9wAO26ERXA-h-WDmahOGGQaCaWl2dIDA4W2TLHOEMs', '2025-09-20 13:52:09'),
	(66, '::1', 'Mozilla/5.0 (Windows NT 10.0; Win64; x64) AppleWebKit/537.36 (KHTML, like Gecko) Chrome/140.0.0.0 Safari/537.36', 'eyJ0eXAiOiJKV1QiLCJhbGciOiJIUzI1NiJ9.eyJ1c2VyIjoiY2hlY2tlciIsImlhdCI6MTc1ODM3NjM1NCwiZXhwIjoxNzYwOTY4MzU0fQ.7dfZO4IJjdZLMf26M1NwwN2xN1sqEDNCuX4H3WX-G1o', '2025-09-20 13:52:34'),
	(67, '::1', 'Mozilla/5.0 (Windows NT 10.0; Win64; x64) AppleWebKit/537.36 (KHTML, like Gecko) Chrome/140.0.0.0 Safari/537.36', 'eyJ0eXAiOiJKV1QiLCJhbGciOiJIUzI1NiJ9.eyJ1c2VyIjoiZGV2ZWxvcGVyIiwiaWF0IjoxNzU4Mzc4MzkwLCJleHAiOjE3NjA5NzAzOTB9.4WaBfo67Hxw-tLY4vDpxly1L9ZVG9EhNG8uzH7qV-Qg', '2025-09-20 14:26:30'),
	(68, 'frontend-::1', 'Mozilla/5.0 (Windows NT 10.0; Win64; x64) AppleWebKit/537.36 (KHTML, like Gecko) Chrome/140.0.0.0 Safari/537.36', 'eyJ0eXAiOiJKV1QiLCJhbGciOiJIUzI1NiJ9.eyJ0aW1lIjoiMjAyNS0wOS0yMSAwMzo1Mzo1MiIsImlhdCI6MTc1ODQyNjgzMiwiZXhwIjoxNzYxMDE4ODMyfQ.Xiwv_Pu9di4V9Nl-HTDApFnDbxG7PYi5PgHXgv-58c4', '2025-09-21 10:53:52'),
	(69, '::1', 'frontend-Mozilla/5.0 (Windows NT 10.0; Win64; x64) AppleWebKit/537.36 (KHTML, like Gecko) Chrome/140.0.0.0 Safari/537.36', 'eyJ0eXAiOiJKV1QiLCJhbGciOiJIUzI1NiJ9.eyJpcF9hZGRyZXNzIjoiOjoxIiwidXNlcl9hZ2VudCI6ImZyb250ZW5kLU1vemlsbGEvNS4wIChXaW5kb3dzIE5UIDEwLjA7IFdpbjY0OyB4NjQpIEFwcGxlV2ViS2l0LzUzNy4zNiAoS0hUTUwsIGxpa2UgR2Vja28pIENocm9tZS8xNDAuMC4wLjAgU2FmYXJpLzUzNy4zNiIsInRpbWUiOi', '2025-09-21 10:54:14'),
	(70, '::1', 'frontend-Mozilla/5.0 (iPhone; CPU iPhone OS 15_0 like Mac OS X) AppleWebKit/603.1.30 (KHTML, like Gecko) Version/17.5 Mobile/15A5370a Safari/602.1', 'eyJ0eXAiOiJKV1QiLCJhbGciOiJIUzI1NiJ9.eyJpcF9hZGRyZXNzIjoiOjoxIiwidXNlcl9hZ2VudCI6ImZyb250ZW5kLU1vemlsbGEvNS4wIChpUGhvbmU7IENQVSBpUGhvbmUgT1MgMTVfMCBsaWtlIE1hYyBPUyBYKSBBcHBsZVdlYktpdC82MDMuMS4zMCAoS0hUTUwsIGxpa2UgR2Vja28pIFZlcnNpb24vMTcuNSBNb2JpbGUvMTVBNT', '2025-09-21 18:36:25'),
	(71, '::1', 'Mozilla/5.0 (Windows NT 10.0; Win64; x64) AppleWebKit/537.36 (KHTML, like Gecko) Chrome/140.0.0.0 Safari/537.36', 'eyJ0eXAiOiJKV1QiLCJhbGciOiJIUzI1NiJ9.eyJ1c2VyIjoiZGV2ZWxvcGVyIiwiaWF0IjoxNzU4NTE1OTE3LCJleHAiOjE3NjExMDc5MTd9.pnKt3lNc1ivDk2K_nozXI8et6zdA70PEvddbqkzwc8w', '2025-09-22 04:38:37'),
	(72, '::1', 'Mozilla/5.0 (Windows NT 10.0; Win64; x64) AppleWebKit/537.36 (KHTML, like Gecko) Chrome/140.0.0.0 Safari/537.36', 'eyJ0eXAiOiJKV1QiLCJhbGciOiJIUzI1NiJ9.eyJ1c2VyIjoiZGV2ZWxvcGVyIiwiaWF0IjoxNzU4NTM2ODYwLCJleHAiOjE3NjExMjg4NjB9.fcUIHYo7J2Vi4u8pHoIRSvfzxjVlV3dQAvnS0wt0EdU', '2025-09-22 10:27:40'),
	(73, '::1', 'frontend-Mozilla/5.0 (Linux; Android 6.0; Nexus 5 Build/MRA58N) AppleWebKit/537.36 (KHTML, like Gecko) Chrome/140.0.0.0 Mobile Safari/537.36', 'eyJ0eXAiOiJKV1QiLCJhbGciOiJIUzI1NiJ9.eyJpcF9hZGRyZXNzIjoiOjoxIiwidXNlcl9hZ2VudCI6ImZyb250ZW5kLU1vemlsbGEvNS4wIChMaW51eDsgQW5kcm9pZCA2LjA7IE5leHVzIDUgQnVpbGQvTVJBNThOKSBBcHBsZVdlYktpdC81MzcuMzYgKEtIVE1MLCBsaWtlIEdlY2tvKSBDaHJvbWUvMTQwLjAuMC4wIE1vYmlsZSBTYW', '2025-09-23 13:35:03'),
	(74, '::1', 'Mozilla/5.0 (Windows NT 10.0; Win64; x64) AppleWebKit/537.36 (KHTML, like Gecko) Chrome/140.0.0.0 Safari/537.36', 'eyJ0eXAiOiJKV1QiLCJhbGciOiJIUzI1NiJ9.eyJ1c2VyIjoiZGV2ZWxvcGVyIiwiaWF0IjoxNzU4NjMzMzA0LCJleHAiOjE3NjEyMjUzMDR9.uu1qrfaeYXT4HsHFfpUvscfUKV9m2lv2tnJ8ETNOffQ', '2025-09-23 13:15:04'),
	(75, '::1', 'Mozilla/5.0 (Windows NT 10.0; Win64; x64) AppleWebKit/537.36 (KHTML, like Gecko) Chrome/140.0.0.0 Safari/537.36', 'eyJ0eXAiOiJKV1QiLCJhbGciOiJIUzI1NiJ9.eyJ1c2VyIjoiZGV2ZWxvcGVyIiwiaWF0IjoxNzU4NjQzMjQ0LCJleHAiOjE3NjEyMzUyNDR9.3-0H4DgZHf64Nhx35FfLKMixRv7Vrs-42heJTp5eWKM', '2025-09-23 16:00:44'),
	(76, '::1', 'Mozilla/5.0 (Windows NT 10.0; Win64; x64) AppleWebKit/537.36 (KHTML, like Gecko) Chrome/140.0.0.0 Safari/537.36', 'eyJ0eXAiOiJKV1QiLCJhbGciOiJIUzI1NiJ9.eyJ1c2VyIjoiZGV2ZWxvcGVyIiwiaWF0IjoxNzU4NjQzNTg3LCJleHAiOjE3NjEyMzU1ODd9.LRrrs3vRQ-TN01jKPBiqRiRz4QbV6D92HiL6FRJ8s8A', '2025-09-23 16:06:27'),
	(77, '::1', 'Mozilla/5.0 (Windows NT 10.0; Win64; x64) AppleWebKit/537.36 (KHTML, like Gecko) Chrome/140.0.0.0 Safari/537.36', 'eyJ0eXAiOiJKV1QiLCJhbGciOiJIUzI1NiJ9.eyJ1c2VyIjoiZGV2ZWxvcGVyIiwiaWF0IjoxNzU4NjY4OTgxLCJleHAiOjE3NjEyNjA5ODF9.6Z-delyTS89DgtTMPl4Y_N_W6y105tx3vDanqHj9MJw', '2025-09-23 23:09:41'),
	(78, '::1', 'Mozilla/5.0 (Windows NT 10.0; Win64; x64) AppleWebKit/537.36 (KHTML, like Gecko) Chrome/140.0.0.0 Safari/537.36', 'eyJ0eXAiOiJKV1QiLCJhbGciOiJIUzI1NiJ9.eyJ1c2VyIjoiZGV2ZWxvcGVyIiwiaWF0IjoxNzU4NjkwODIxLCJleHAiOjE3NjEyODI4MjF9.oUDdSwf_xLkZLRnXN8sp6t3ulFDkMEQOD7kw3DD-HSw', '2025-09-24 05:13:41'),
	(79, '::1', 'Mozilla/5.0 (Windows NT 10.0; Win64; x64) AppleWebKit/537.36 (KHTML, like Gecko) Chrome/140.0.0.0 Safari/537.36', 'eyJ0eXAiOiJKV1QiLCJhbGciOiJIUzI1NiJ9.eyJ1c2VyIjoiZGV2ZWxvcGVyIiwiaWF0IjoxNzU4NjkwODUyLCJleHAiOjE3NjEyODI4NTJ9.g1UN0NB0kSozr7ErSN7u9FjWIpx2kQTNTXP9_K6e9go', '2025-09-24 05:14:12'),
	(80, '::1', 'Mozilla/5.0 (Windows NT 10.0; Win64; x64) AppleWebKit/537.36 (KHTML, like Gecko) Chrome/140.0.0.0 Safari/537.36', 'eyJ0eXAiOiJKV1QiLCJhbGciOiJIUzI1NiJ9.eyJ1c2VyIjoicmFyZGlhbnRvIiwiaWF0IjoxNzU4ODk5MTM0LCJleHAiOjE3NjE0OTExMzR9.YL-eNHe5vyHu9WLHn842hEXuWxUMU2_hzlvz-sAPbjo', '2025-09-26 15:05:34'),
	(81, '::1', 'Mozilla/5.0 (Windows NT 10.0; Win64; x64) AppleWebKit/537.36 (KHTML, like Gecko) Chrome/140.0.0.0 Safari/537.36', 'eyJ0eXAiOiJKV1QiLCJhbGciOiJIUzI1NiJ9.eyJ1c2VyIjoiaGVyZGlzdHVkaW8iLCJpYXQiOjE3NTg4OTkxODUsImV4cCI6MTc2MTQ5MTE4NX0.lByDSJ9geKxds6QwhJWDVBNpvFbKp0_W7caB9TQgDy0', '2025-09-26 15:06:25'),
	(82, '::1', 'Mozilla/5.0 (Windows NT 10.0; Win64; x64) AppleWebKit/537.36 (KHTML, like Gecko) Chrome/140.0.0.0 Safari/537.36', 'eyJ0eXAiOiJKV1QiLCJhbGciOiJIUzI1NiJ9.eyJ1c2VyIjoicmFyZGlhbnRvIiwiaWF0IjoxNzU4OTAwNjgzLCJleHAiOjE3NjE0OTI2ODN9.tGBvfCSPFGNOM1mv1XK4zbkd0U3CwjkSZGRTXvb3hTA', '2025-09-26 15:31:23'),
	(83, '::1', 'Mozilla/5.0 (Windows NT 10.0; Win64; x64) AppleWebKit/537.36 (KHTML, like Gecko) Chrome/140.0.0.0 Safari/537.36', 'eyJ0eXAiOiJKV1QiLCJhbGciOiJIUzI1NiJ9.eyJ1c2VyIjoicmFyZGlhbnRvIiwiaWF0IjoxNzU4OTAxNDM4LCJleHAiOjE3NjE0OTM0Mzh9.rb4UgtcYHu47G3vOo5tbP7DTChj4ejopqpNgO43Pi9w', '2025-09-26 15:43:58'),
	(84, '::1', 'Mozilla/5.0 (Windows NT 10.0; Win64; x64) AppleWebKit/537.36 (KHTML, like Gecko) Chrome/140.0.0.0 Safari/537.36', 'eyJ0eXAiOiJKV1QiLCJhbGciOiJIUzI1NiJ9.eyJ1c2VyIjoicmFyZGlhbnRvIiwiaWF0IjoxNzU4OTI2OTMyLCJleHAiOjE3NjE1MTg5MzJ9.19O5-8FrRJrNo8MBjYLdX_iDaM-dFpAP_vK9ExOSt_o', '2025-09-26 22:48:52'),
	(85, '::1', 'Mozilla/5.0 (Windows NT 10.0; Win64; x64) AppleWebKit/537.36 (KHTML, like Gecko) Chrome/140.0.0.0 Safari/537.36', 'eyJ0eXAiOiJKV1QiLCJhbGciOiJIUzI1NiJ9.eyJ1c2VyIjoicmFyZGlhbnRvIiwiaWF0IjoxNzU4OTUxNDA4LCJleHAiOjE3NjE1NDM0MDh9.hmXidoHJsx6OYYIaSyaQMmkKrXde4tOAAkvQGrO-WT4', '2025-09-27 05:36:48');

-- Dumping structure for table career.auth_groups
CREATE TABLE IF NOT EXISTS `auth_groups` (
  `id` int unsigned NOT NULL AUTO_INCREMENT,
  `name` varchar(255) COLLATE utf8mb4_general_ci NOT NULL,
  `description` varchar(255) COLLATE utf8mb4_general_ci NOT NULL,
  PRIMARY KEY (`id`)
) ENGINE=InnoDB AUTO_INCREMENT=6 DEFAULT CHARSET=utf8mb4 COLLATE=utf8mb4_general_ci;

-- Dumping data for table career.auth_groups: ~4 rows (approximately)
INSERT INTO `auth_groups` (`id`, `name`, `description`) VALUES
	(1, 'Admin', 'Admin'),
	(2, 'Content Maker', 'Content Maker'),
	(3, 'Content Checker', 'Content Checker'),
	(4, 'Developer', 'Developer'),
	(5, 'Company', 'Role COmpany');

-- Dumping structure for table career.auth_groups_permissions
CREATE TABLE IF NOT EXISTS `auth_groups_permissions` (
  `group_id` int unsigned NOT NULL DEFAULT '0',
  `permission_id` int unsigned NOT NULL DEFAULT '0',
  KEY `auth_groups_permissions_permission_id_foreign` (`permission_id`),
  KEY `group_id_permission_id` (`group_id`,`permission_id`),
  CONSTRAINT `auth_groups_permissions_group_id_foreign` FOREIGN KEY (`group_id`) REFERENCES `auth_groups` (`id`) ON DELETE CASCADE,
  CONSTRAINT `auth_groups_permissions_permission_id_foreign` FOREIGN KEY (`permission_id`) REFERENCES `auth_permissions` (`id`) ON DELETE CASCADE
) ENGINE=InnoDB DEFAULT CHARSET=utf8mb4 COLLATE=utf8mb4_general_ci;

-- Dumping data for table career.auth_groups_permissions: ~75 rows (approximately)
INSERT INTO `auth_groups_permissions` (`group_id`, `permission_id`) VALUES
	(1, 1),
	(1, 2),
	(1, 3),
	(1, 4),
	(1, 5),
	(1, 6),
	(1, 7),
	(1, 8),
	(1, 9),
	(1, 10),
	(1, 11),
	(1, 12),
	(1, 13),
	(1, 14),
	(1, 15),
	(1, 16),
	(1, 17),
	(1, 18),
	(1, 19),
	(1, 20),
	(1, 21),
	(1, 22),
	(1, 23),
	(1, 24),
	(1, 25),
	(1, 26),
	(1, 27),
	(1, 28),
	(1, 29),
	(1, 30),
	(1, 31),
	(1, 32),
	(1, 33),
	(1, 34),
	(1, 35),
	(4, 1),
	(4, 2),
	(4, 3),
	(4, 4),
	(4, 5),
	(4, 6),
	(4, 7),
	(4, 8),
	(4, 9),
	(4, 10),
	(4, 11),
	(4, 12),
	(4, 13),
	(4, 14),
	(4, 15),
	(4, 16),
	(4, 17),
	(4, 18),
	(4, 19),
	(4, 20),
	(4, 21),
	(4, 22),
	(4, 23),
	(4, 24),
	(4, 25),
	(4, 26),
	(4, 27),
	(4, 28),
	(4, 29),
	(4, 30),
	(4, 31),
	(4, 32),
	(4, 33),
	(4, 34),
	(4, 35),
	(5, 8),
	(5, 9),
	(5, 10),
	(5, 11),
	(5, 12);

-- Dumping structure for table career.auth_groups_users
CREATE TABLE IF NOT EXISTS `auth_groups_users` (
  `group_id` int unsigned NOT NULL DEFAULT '0',
  `user_id` int unsigned NOT NULL DEFAULT '0',
  KEY `auth_groups_users_user_id_foreign` (`user_id`),
  KEY `group_id_user_id` (`group_id`,`user_id`),
  CONSTRAINT `auth_groups_users_group_id_foreign` FOREIGN KEY (`group_id`) REFERENCES `auth_groups` (`id`) ON DELETE CASCADE,
  CONSTRAINT `auth_groups_users_user_id_foreign` FOREIGN KEY (`user_id`) REFERENCES `users` (`id`) ON DELETE CASCADE
) ENGINE=InnoDB DEFAULT CHARSET=utf8mb4 COLLATE=utf8mb4_general_ci;

-- Dumping data for table career.auth_groups_users: ~9 rows (approximately)
INSERT INTO `auth_groups_users` (`group_id`, `user_id`) VALUES
	(1, 1),
	(1, 1),
	(2, 3),
	(4, 2),
	(5, 10),
	(5, 10),
	(5, 10),
	(5, 10),
	(5, 13),
	(5, 13),
	(5, 13);

-- Dumping structure for table career.auth_logins
CREATE TABLE IF NOT EXISTS `auth_logins` (
  `id` int unsigned NOT NULL AUTO_INCREMENT,
  `ip_address` varchar(255) COLLATE utf8mb4_general_ci DEFAULT NULL,
  `email` varchar(255) COLLATE utf8mb4_general_ci DEFAULT NULL,
  `user_id` int unsigned DEFAULT NULL,
  `date` datetime NOT NULL,
  `success` tinyint(1) NOT NULL,
  PRIMARY KEY (`id`),
  KEY `email` (`email`),
  KEY `user_id` (`user_id`)
) ENGINE=InnoDB AUTO_INCREMENT=140 DEFAULT CHARSET=utf8mb4 COLLATE=utf8mb4_general_ci;

-- Dumping data for table career.auth_logins: ~104 rows (approximately)
INSERT INTO `auth_logins` (`id`, `ip_address`, `email`, `user_id`, `date`, `success`) VALUES
	(1, '::1', 'AGNES.ANJELINA.SIREGAR', NULL, '2025-08-25 07:10:58', 0),
	(2, '::1', 'rardainto', NULL, '2025-08-25 07:11:10', 0),
	(3, '::1', 'rardianto', 1, '2025-08-25 07:11:24', 0),
	(4, '::1', 'ridwan.metallica@gmail.com', 1, '2025-08-25 07:12:27', 1),
	(5, '::1', 'AGNES.ANJELINA.SIREGAR', NULL, '2025-08-25 07:13:23', 0),
	(6, '::1', 'AGNES.ANJELINA.SIREGAR', NULL, '2025-08-25 07:15:32', 0),
	(7, '::1', 'ridwan.metallica@gmail.com', 1, '2025-08-25 07:15:42', 1),
	(8, '::1', 'ridwan.metallica@gmail.com', 1, '2025-08-25 07:17:03', 1),
	(9, '::1', 'ridwan.metallica@gmail.com', 1, '2025-08-25 07:24:09', 1),
	(10, '::1', 'ridwan.metallica@gmail.com', 1, '2025-08-25 08:33:47', 1),
	(11, '::1', 'ridwan.metallica@gmail.com', 1, '2025-08-25 09:05:25', 1),
	(12, '::1', 'rardianto', NULL, '2025-09-13 03:46:03', 0),
	(13, '::1', 'rardianto', NULL, '2025-09-13 03:46:13', 0),
	(14, '::1', 'rardianto', NULL, '2025-09-13 03:46:26', 0),
	(15, '::1', 'rardianto', NULL, '2025-09-13 03:46:35', 0),
	(16, '::1', 'rardianto', NULL, '2025-09-13 03:46:45', 0),
	(17, '::1', 'ridwan.metallica@gmail.com', 1, '2025-09-13 03:47:09', 1),
	(18, '::1', 'ridwan.metallica@gmail.com', 1, '2025-09-13 07:03:47', 1),
	(19, '::1', 'ridwan.metallica@gmail.com', 1, '2025-09-13 10:40:05', 1),
	(20, '::1', 'ridwan.metallica@gmail.com', 1, '2025-09-13 14:28:02', 1),
	(21, '::1', 'rardianto', NULL, '2025-09-14 03:41:35', 0),
	(22, '::1', 'ridwan.metallica@gmail.com', 1, '2025-09-14 03:43:08', 1),
	(23, '::1', 'rardainto', NULL, '2025-09-14 12:03:36', 0),
	(24, '::1', 'ridwan.metallica@gmail.com', 1, '2025-09-14 12:03:49', 1),
	(25, '::1', 'ridwan.metallica@gmail.com', 1, '2025-09-14 14:56:34', 1),
	(26, '::1', 'ridwan.metallica@gmail.com', 1, '2025-09-14 15:02:19', 1),
	(27, '::1', 'rardainto', NULL, '2025-09-14 15:03:58', 0),
	(28, '::1', 'ridwan.metallica@gmail.com', 1, '2025-09-14 15:04:25', 1),
	(29, '::1', 'ridwan.metallica@gmail.com', 1, '2025-09-14 15:22:17', 1),
	(30, '::1', 'ridwan.metallica@gmail.com', 1, '2025-09-14 16:18:03', 1),
	(31, '::1', 'ridwan.metallica@gmail.com', 1, '2025-09-14 16:37:42', 1),
	(32, '::1', 'ridwan.metallica@gmail.com', 1, '2025-09-14 16:40:58', 1),
	(33, '::1', 'ridwan.metallica@gmail.com', 1, '2025-09-14 16:44:30', 1),
	(34, '::1', 'ridwan.metallica@gmail.com', 1, '2025-09-15 15:30:12', 1),
	(35, '::1', 'ridwan.metallica@gmail.com', 1, '2025-09-15 15:35:56', 1),
	(36, '::1', 'ridwan.metallica@gmail.com', 1, '2025-09-15 15:46:21', 1),
	(37, '::1', 'ridwan.metallica@gmail.com', 1, '2025-09-15 15:48:26', 1),
	(38, '::1', 'ridwan.metallica@gmail.com', 1, '2025-09-15 16:11:29', 1),
	(39, '::1', 'ridwan.metallica@gmail.com', 1, '2025-09-15 16:12:40', 1),
	(40, '::1', 'ridwan.metallica@gmail.com', 1, '2025-09-15 16:27:07', 1),
	(41, '::1', 'ridwan.metallica@gmail.com', 1, '2025-09-16 02:51:13', 1),
	(42, '::1', 'ridwan.metallica@gmail.com', 1, '2025-09-16 15:52:58', 1),
	(43, '::1', 'ridwan.metallica@gmail.com', 1, '2025-09-16 23:56:22', 1),
	(44, '::1', 'ridwan.metallica@gmail.com', 1, '2025-09-17 03:15:31', 1),
	(45, '::1', 'ridwan.metallica@gmail.com', 1, '2025-09-17 03:55:54', 1),
	(46, '::1', 'ridwan.metallica@gmail.com', 1, '2025-09-17 04:39:28', 1),
	(47, '::1', 'ridwan.metallica@gmail.com', 1, '2025-09-17 04:42:42', 1),
	(48, '::1', 'ridwan.metallica@gmail.com', 1, '2025-09-17 04:44:20', 1),
	(49, '::1', 'ridwan.metallica@gmail.com', 1, '2025-09-17 04:44:56', 1),
	(50, '::1', 'ridwan.metallica@gmail.com', 1, '2025-09-17 04:46:52', 1),
	(51, '::1', 'ridwan.metallica@gmail.com', 1, '2025-09-17 04:47:25', 1),
	(52, '::1', 'rardainto', NULL, '2025-09-17 04:49:17', 0),
	(53, '::1', 'ridwan.metallica@gmail.com', 1, '2025-09-17 04:49:31', 1),
	(54, '::1', 'ridwan.metallica@gmail.com', 1, '2025-09-17 05:24:49', 1),
	(55, '::1', 'ridwan.metallica@gmail.com', 1, '2025-09-17 05:35:45', 1),
	(56, '::1', 'ridwan.metallica@gmail.com', 1, '2025-09-17 06:01:19', 1),
	(57, '::1', 'ridwan.metallica@gmail.com', 1, '2025-09-17 06:21:23', 1),
	(58, '::1', 'ridwan.metallica@gmail.com', 1, '2025-09-17 10:08:34', 1),
	(59, '::1', 'ridwan.metallica@gmail.com', 1, '2025-09-18 06:29:16', 1),
	(60, '::1', 'ridwan.metallica@gmail.com', 1, '2025-09-18 06:29:44', 1),
	(61, '::1', 'ridwan.metallica@gmail.com', 1, '2025-09-18 09:21:58', 1),
	(62, '::1', 'ridwan.metallica@gmail.com', 1, '2025-09-18 10:18:38', 1),
	(63, '::1', 'ridwan.metallica@gmail.com', 1, '2025-09-18 16:02:44', 1),
	(64, '::1', 'ridwan.metallica@gmail.com', 1, '2025-09-18 23:59:05', 1),
	(65, '::1', 'ridwan.metallica@gmail.com', 1, '2025-09-19 01:29:19', 1),
	(66, '::1', 'ridwan.metallica@gmail.com', 1, '2025-09-19 04:20:45', 1),
	(67, '::1', 'ridwan.metallica@gmail.com', 1, '2025-09-19 05:34:19', 1),
	(68, '::1', 'ridwan.metallica@gmail.com', 1, '2025-09-19 05:36:12', 1),
	(69, '::1', 'ridwan.metallica@gmail.com', 1, '2025-09-19 05:52:16', 1),
	(70, '::1', 'ridwan.metallica@gmail.com', 1, '2025-09-19 07:17:33', 1),
	(71, '::1', 'rardianto', NULL, '2025-09-19 09:18:05', 0),
	(72, '::1', 'rardianto', NULL, '2025-09-19 09:18:18', 0),
	(73, '::1', 'ridwan.metallica@gmail.com', 1, '2025-09-19 09:18:29', 1),
	(74, '::1', 'developer', NULL, '2025-09-19 11:52:41', 0),
	(75, '::1', 'rardianto', NULL, '2025-09-19 11:52:47', 0),
	(76, '::1', 'ridwan.metallica@gmail.com', 1, '2025-09-19 11:53:08', 1),
	(77, '::1', 'wan.abbleh@gmail.com', 2, '2025-09-19 12:14:01', 1),
	(78, '::1', 'wan.abbleh@gmail.com', 2, '2025-09-19 12:14:24', 1),
	(79, '::1', 'wan.abbleh@gmail.com', 2, '2025-09-19 12:21:07', 1),
	(80, '::1', 'ridwan.metallica@gmail.com', 1, '2025-09-19 12:21:28', 1),
	(81, '::1', 'wan.abbleh@gmail.com', 2, '2025-09-19 12:22:57', 1),
	(82, '::1', 'wan.abbleh@gmail.com', 2, '2025-09-19 12:24:25', 1),
	(83, '::1', 'wan.abbleh@gmail.com', 2, '2025-09-19 12:25:14', 1),
	(84, '::1', 'ridwan.metallica@gmail.com', 1, '2025-09-19 12:25:27', 1),
	(85, '::1', 'ridwan.metallica@gmail.com', 1, '2025-09-19 12:27:19', 1),
	(86, '::1', 'ridwan.metallica@gmail.com', 1, '2025-09-19 12:27:27', 1),
	(87, '::1', 'wan.abbleh@gmail.com', 2, '2025-09-19 12:27:54', 1),
	(88, '::1', 'wan.abbleh@gmail.com', 2, '2025-09-19 12:33:54', 1),
	(89, '::1', 'wan.abbleh@gmail.com', 2, '2025-09-19 12:34:30', 1),
	(90, '::1', 'wan.abbleh@gmail.com', 2, '2025-09-19 12:36:05', 1),
	(91, '::1', 'ridwan.metallica@gmail.com', 1, '2025-09-19 12:36:16', 1),
	(92, '::1', 'ridwan.metallica@gmail.com', 1, '2025-09-19 12:37:58', 1),
	(93, '::1', 'ridwan.metallica@gmail.com', 1, '2025-09-19 12:39:09', 1),
	(94, '::1', 'wan.abbleh@gmail.com', 2, '2025-09-19 12:39:17', 1),
	(95, '::1', 'ridwan.metallica@gmail.com', 1, '2025-09-19 12:51:07', 1),
	(96, '::1', 'wan.abbleh@gmail.com', 2, '2025-09-19 12:51:18', 1),
	(97, '::1', 'wan.abbleh@gmail.com', 2, '2025-09-19 12:51:46', 1),
	(98, '::1', 'wan.abbleh@gmail.com', 2, '2025-09-19 12:52:05', 1),
	(99, '::1', 'ridwan.metallica@gmail.com', 1, '2025-09-19 12:52:22', 1),
	(100, '::1', 'wan.abbleh@gmail.com', 2, '2025-09-19 12:52:40', 1),
	(101, '::1', 'wan.abbleh@gmail.com', 2, '2025-09-19 12:53:13', 1),
	(102, '::1', 'wan.abbleh@gmail.com', 2, '2025-09-19 12:53:30', 1),
	(103, '::1', 'wan.abbleh@gmail.com', 2, '2025-09-19 13:01:44', 1),
	(104, '::1', 'wan.abbleh@gmail.com', 2, '2025-09-19 13:02:03', 1),
	(105, '::1', 'wan.abbleh@gmail.com', 2, '2025-09-19 13:04:59', 1),
	(106, '::1', 'wan.abbleh@gmail.com', 2, '2025-09-20 00:56:55', 1),
	(107, '::1', 'wan.abbleh@gmail.com', 2, '2025-09-20 02:01:02', 1),
	(108, '::1', 'ridwan.metallica@gmail.com', 1, '2025-09-20 13:52:09', 1),
	(109, '::1', 'ridwan.dipstrategy@gmail.com', 4, '2025-09-20 13:52:34', 1),
	(110, '::1', 'wan.abbleh@gmail.com', 2, '2025-09-20 14:26:30', 1),
	(111, '::1', 'wan.abbleh@gmail.com', 2, '2025-09-21 02:03:27', 1),
	(112, '::1', 'wan.abbleh@gmail.com', 2, '2025-09-21 21:43:51', 1),
	(113, '::1', 'wan.abbleh@gmail.com', 2, '2025-09-22 02:40:28', 1),
	(114, '::1', 'wan.abbleh@gmail.com', 2, '2025-09-22 04:38:37', 1),
	(115, '::1', 'wan.abbleh@gmail.com', 2, '2025-09-22 10:27:40', 1),
	(116, '::1', 'wan.abbleh@gmail.com', 2, '2025-09-23 01:00:29', 1),
	(117, '::1', 'wan.abbleh@gmail.com', 2, '2025-09-23 13:15:04', 1),
	(118, '::1', 'wan.abbleh@gmail.com', 2, '2025-09-23 16:00:44', 1),
	(119, '::1', 'wan.abbleh@gmail.com', 2, '2025-09-23 16:06:27', 1),
	(120, '::1', 'wan.abbleh@gmail.com', 2, '2025-09-23 22:50:58', 1),
	(121, '::1', 'wan.abbleh@gmail.com', 2, '2025-09-23 23:09:41', 1),
	(122, '::1', 'wan.abbleh@gmail.com', 2, '2025-09-24 02:44:32', 1),
	(123, '::1', 'wan.abbleh@gmail.com', 2, '2025-09-24 05:13:41', 1),
	(124, '::1', 'wan.abbleh@gmail.com', 2, '2025-09-24 05:14:12', 1),
	(125, '::1', 'wan.abbleh@gmail.com', 2, '2025-09-25 00:02:23', 1),
	(126, '::1', 'wan.abbleh@gmail.com', 2, '2025-09-25 23:58:31', 1),
	(127, '::1', 'herdistudio', NULL, '2025-09-26 06:13:43', 0),
	(128, '::1', 'herdistudio', NULL, '2025-09-26 06:13:59', 0),
	(129, '::1', 'herdistudio', NULL, '2025-09-26 06:14:15', 0),
	(130, '::1', 'herdistudio', NULL, '2025-09-26 06:14:27', 0),
	(131, '::1', 'herdistudio', NULL, '2025-09-26 06:14:52', 0),
	(132, '::1', 'ridwan.metallica@gmail.com', 1, '2025-09-26 15:05:34', 1),
	(133, '::1', 'herdi.studio@gmail.com', 10, '2025-09-26 15:06:25', 1),
	(134, '::1', 'ridwan.metallica@gmail.com', 1, '2025-09-26 15:31:23', 1),
	(135, '::1', 'ridwan.metallica@gmail.com', 1, '2025-09-26 15:43:58', 1),
	(136, '::1', 'ridwan.metallica@gmail.com', 1, '2025-09-26 22:34:06', 1),
	(137, '::1', 'ridwan.metallica@gmail.com', 1, '2025-09-26 22:48:52', 1),
	(138, '::1', 'ridwan.metallica@gmail.com', 1, '2025-09-27 02:25:09', 1),
	(139, '::1', 'ridwan.metallica@gmail.com', 1, '2025-09-27 05:36:48', 1);

-- Dumping structure for table career.auth_permissions
CREATE TABLE IF NOT EXISTS `auth_permissions` (
  `id` int unsigned NOT NULL AUTO_INCREMENT,
  `name` varchar(255) COLLATE utf8mb4_general_ci NOT NULL,
  `description` varchar(255) COLLATE utf8mb4_general_ci NOT NULL,
  PRIMARY KEY (`id`)
) ENGINE=InnoDB AUTO_INCREMENT=36 DEFAULT CHARSET=utf8mb4 COLLATE=utf8mb4_general_ci;

-- Dumping data for table career.auth_permissions: ~34 rows (approximately)
INSERT INTO `auth_permissions` (`id`, `name`, `description`) VALUES
	(1, 'administrator.role.update', 'administrator.role.update'),
	(2, 'administrator.role.view', 'administrator.role.view'),
	(3, 'company.view', 'Company View'),
	(4, 'company.create', 'Company Create'),
	(5, 'company.detail', 'Company Detail'),
	(6, 'company.update', 'Company Update'),
	(7, 'company.delete', 'Company Delete'),
	(8, 'job-vacancy.view', 'Job Vacancy View'),
	(9, 'job-vacancy.create', 'Job Vacancy Create'),
	(10, 'job-vacancy.detail', 'Job Vacancy Detail'),
	(11, 'job-vacancy.update', 'Job Vacancy Update'),
	(12, 'job-vacancy.delete', 'Job Vacancy Delete'),
	(13, 'training.view', 'Training View'),
	(14, 'training.job-seekers.view', 'Training-Job Seekers View'),
	(15, 'training.job-seekers.approve', 'Training-Job Seekers Approve'),
	(16, 'training.job-seekers.reject', 'Training-Job Seekers Reject'),
	(17, 'training.job-seekers.revert', 'Training-Job Seekers Revert'),
	(18, 'training.purna-pmi.view', 'Training-Purna PMI View'),
	(19, 'training.purna-pmi.approve', 'Training-Purna PMI Approve'),
	(20, 'training.purna-pmi.reject', 'Training-Purna PMI Reject'),
	(21, 'training.purna-pmi.revert', 'Training-Purna PMI Revert'),
	(22, 'training.training-type.view', 'Training-Training Type View'),
	(23, 'training.training-type.create', 'Training-Training Type Create'),
	(24, 'training.training-type.detail', 'Training-Training Type Detail'),
	(25, 'training.training-type.update', 'Training-Training Type Update'),
	(26, 'training.training-type.delete', 'Training-Training Type Delete'),
	(27, 'administrator.user.view', 'Administrator-User View'),
	(28, 'administrator.user.create', 'Administrator-User Create'),
	(29, 'administrator.user.detail', 'Administrator-User Detail'),
	(30, 'administrator.user.update', 'Administrator-User Update'),
	(31, 'administrator.user.delete', 'Administrator-User Delete'),
	(32, 'administrator.role.create', 'Administrator-Role Create'),
	(33, 'administrator.role.detail', 'Administrator-Role Detail'),
	(34, 'administrator.role.delete', 'Administrator-Role Delete'),
	(35, 'job-vacancy.import', 'Job Vacancy Import');

-- Dumping structure for table career.auth_reset_attempts
CREATE TABLE IF NOT EXISTS `auth_reset_attempts` (
  `id` int unsigned NOT NULL AUTO_INCREMENT,
  `email` varchar(255) COLLATE utf8mb4_general_ci NOT NULL,
  `ip_address` varchar(255) COLLATE utf8mb4_general_ci NOT NULL,
  `user_agent` varchar(255) COLLATE utf8mb4_general_ci NOT NULL,
  `token` varchar(255) COLLATE utf8mb4_general_ci DEFAULT NULL,
  `created_at` datetime NOT NULL,
  PRIMARY KEY (`id`)
) ENGINE=InnoDB DEFAULT CHARSET=utf8mb4 COLLATE=utf8mb4_general_ci;

-- Dumping data for table career.auth_reset_attempts: ~0 rows (approximately)

-- Dumping structure for table career.auth_tokens
CREATE TABLE IF NOT EXISTS `auth_tokens` (
  `id` int unsigned NOT NULL AUTO_INCREMENT,
  `selector` varchar(255) COLLATE utf8mb4_general_ci NOT NULL,
  `hashedValidator` varchar(255) COLLATE utf8mb4_general_ci NOT NULL,
  `user_id` int unsigned NOT NULL,
  `expires` datetime NOT NULL,
  PRIMARY KEY (`id`),
  KEY `auth_tokens_user_id_foreign` (`user_id`),
  KEY `selector` (`selector`),
  CONSTRAINT `auth_tokens_user_id_foreign` FOREIGN KEY (`user_id`) REFERENCES `users` (`id`) ON DELETE CASCADE
) ENGINE=InnoDB AUTO_INCREMENT=72 DEFAULT CHARSET=utf8mb4 COLLATE=utf8mb4_general_ci;

-- Dumping data for table career.auth_tokens: ~2 rows (approximately)
INSERT INTO `auth_tokens` (`id`, `selector`, `hashedValidator`, `user_id`, `expires`) VALUES
	(70, '68911e502f84e149fa1cc86a', '634d6faee079b7d09a5b1a053465a6202eb2e5c81a3a650ded154db3ffab8269', 1, '2025-10-27 02:25:10'),
	(71, 'b53f352ab6a28f79cfa05f3d', '59fe23e264653ae216630c6c8dc9f324052980eb6c9bab19783ebef13d5ca55c', 1, '2025-10-27 05:36:48');

-- Dumping structure for table career.auth_users_permissions
CREATE TABLE IF NOT EXISTS `auth_users_permissions` (
  `user_id` int unsigned NOT NULL DEFAULT '0',
  `permission_id` int unsigned NOT NULL DEFAULT '0',
  KEY `auth_users_permissions_permission_id_foreign` (`permission_id`),
  KEY `user_id_permission_id` (`user_id`,`permission_id`),
  CONSTRAINT `auth_users_permissions_permission_id_foreign` FOREIGN KEY (`permission_id`) REFERENCES `auth_permissions` (`id`) ON DELETE CASCADE,
  CONSTRAINT `auth_users_permissions_user_id_foreign` FOREIGN KEY (`user_id`) REFERENCES `users` (`id`) ON DELETE CASCADE
) ENGINE=InnoDB DEFAULT CHARSET=utf8mb4 COLLATE=utf8mb4_general_ci;

-- Dumping data for table career.auth_users_permissions: ~0 rows (approximately)

-- Dumping structure for table career.companies
CREATE TABLE IF NOT EXISTS `companies` (
  `id` bigint unsigned NOT NULL AUTO_INCREMENT,
  `name` varchar(255) NOT NULL,
  `email` varchar(255) CHARACTER SET latin1 COLLATE latin1_swedish_ci NOT NULL,
  `address` text CHARACTER SET latin1 COLLATE latin1_swedish_ci NOT NULL,
  `about` text CHARACTER SET latin1 COLLATE latin1_swedish_ci NOT NULL,
  `business_sector` varchar(255) CHARACTER SET latin1 COLLATE latin1_swedish_ci NOT NULL,
  `npwp` varchar(255) NOT NULL,
  `lat` varchar(255) DEFAULT NULL,
  `long` varchar(255) DEFAULT NULL,
  `phone` varchar(255) CHARACTER SET latin1 COLLATE latin1_swedish_ci NOT NULL,
  `logo` varchar(255) CHARACTER SET latin1 COLLATE latin1_swedish_ci NOT NULL,
  `user_id` int unsigned DEFAULT NULL,
  `status` int NOT NULL DEFAULT '0',
  `created_at` timestamp NOT NULL DEFAULT CURRENT_TIMESTAMP,
  `updated_at` timestamp NOT NULL DEFAULT CURRENT_TIMESTAMP ON UPDATE CURRENT_TIMESTAMP,
  `deleted_at` timestamp NULL DEFAULT NULL,
  `created_by` bigint unsigned DEFAULT NULL,
  `updated_by` bigint unsigned DEFAULT NULL,
  `deleted_by` bigint unsigned DEFAULT NULL,
  PRIMARY KEY (`id`),
  KEY `created_by` (`created_by`),
  KEY `updated_by` (`updated_by`),
  KEY `FK_companies_users` (`user_id`),
  CONSTRAINT `FK_companies_users` FOREIGN KEY (`user_id`) REFERENCES `users` (`id`)
) ENGINE=InnoDB AUTO_INCREMENT=4 DEFAULT CHARSET=latin1;

-- Dumping data for table career.companies: ~3 rows (approximately)
INSERT INTO `companies` (`id`, `name`, `email`, `address`, `about`, `business_sector`, `npwp`, `lat`, `long`, `phone`, `logo`, `user_id`, `status`, `created_at`, `updated_at`, `deleted_at`, `created_by`, `updated_by`, `deleted_by`) VALUES
	(1, 'Ersis Tech', 'ridwan.metallica@gmail.com', 'Bekasi', 'Kece Abis', 'Bibit Kehidupan', '', NULL, NULL, '08999', '/assets/images/company/logo/company-logo-Ersis.png', NULL, 1, '2025-09-19 14:00:56', '2025-09-25 02:30:15', NULL, 2, 2, NULL),
	(2, 'Herdi Studio', 'herdi.studio@gmail.com', 'ujung ASpal Pondok Gede ', 'Mantap', 'Design', '123456789', NULL, NULL, '089656303015', '/assets/images/company/logo/herdi-studio.png', 10, 1, '2025-09-20 04:09:33', '2025-09-26 08:06:02', NULL, 2, 1, NULL),
	(3, 'Ridwan Maju Mundur', 'ridwan.maju.mundur@gmail.com', 'Test', 'Test', 'Teknologi', '5345345', NULL, NULL, '089656303015', '/assets/images/company/logo/ridwan-maju-mundur.png', 13, 1, '2025-09-25 00:30:06', '2025-09-25 00:33:50', NULL, 2, 2, NULL);

-- Dumping structure for table career.countries
CREATE TABLE IF NOT EXISTS `countries` (
  `id` bigint NOT NULL AUTO_INCREMENT,
  `iso` char(2) CHARACTER SET latin1 COLLATE latin1_swedish_ci NOT NULL,
  `name` varchar(80) CHARACTER SET latin1 COLLATE latin1_swedish_ci NOT NULL,
  `nicename` varchar(80) CHARACTER SET latin1 COLLATE latin1_swedish_ci NOT NULL,
  `iso3` char(3) CHARACTER SET latin1 COLLATE latin1_swedish_ci DEFAULT NULL,
  `numcode` smallint DEFAULT NULL,
  `phonecode` int NOT NULL,
  PRIMARY KEY (`id`)
) ENGINE=InnoDB DEFAULT CHARSET=utf8mb4 COLLATE=utf8mb4_unicode_ci;

-- Dumping data for table career.countries: ~239 rows (approximately)
INSERT INTO `countries` (`id`, `iso`, `name`, `nicename`, `iso3`, `numcode`, `phonecode`) VALUES
	(1, 'AF', 'AFGHANISTAN', 'Afghanistan', 'AFG', 4, 93),
	(2, 'AL', 'ALBANIA', 'Albania', 'ALB', 8, 355),
	(3, 'DZ', 'ALGERIA', 'Algeria', 'DZA', 12, 213),
	(4, 'AS', 'AMERICAN SAMOA', 'American Samoa', 'ASM', 16, 1684),
	(5, 'AD', 'ANDORRA', 'Andorra', 'AND', 20, 376),
	(6, 'AO', 'ANGOLA', 'Angola', 'AGO', 24, 244),
	(7, 'AI', 'ANGUILLA', 'Anguilla', 'AIA', 660, 1264),
	(8, 'AQ', 'ANTARCTICA', 'Antarctica', NULL, NULL, 0),
	(9, 'AG', 'ANTIGUA AND BARBUDA', 'Antigua and Barbuda', 'ATG', 28, 1268),
	(10, 'AR', 'ARGENTINA', 'Argentina', 'ARG', 32, 54),
	(11, 'AM', 'ARMENIA', 'Armenia', 'ARM', 51, 374),
	(12, 'AW', 'ARUBA', 'Aruba', 'ABW', 533, 297),
	(13, 'AU', 'AUSTRALIA', 'Australia', 'AUS', 36, 61),
	(14, 'AT', 'AUSTRIA', 'Austria', 'AUT', 40, 43),
	(15, 'AZ', 'AZERBAIJAN', 'Azerbaijan', 'AZE', 31, 994),
	(16, 'BS', 'BAHAMAS', 'Bahamas', 'BHS', 44, 1242),
	(17, 'BH', 'BAHRAIN', 'Bahrain', 'BHR', 48, 973),
	(18, 'BD', 'BANGLADESH', 'Bangladesh', 'BGD', 50, 880),
	(19, 'BB', 'BARBADOS', 'Barbados', 'BRB', 52, 1246),
	(20, 'BY', 'BELARUS', 'Belarus', 'BLR', 112, 375),
	(21, 'BE', 'BELGIUM', 'Belgium', 'BEL', 56, 32),
	(22, 'BZ', 'BELIZE', 'Belize', 'BLZ', 84, 501),
	(23, 'BJ', 'BENIN', 'Benin', 'BEN', 204, 229),
	(24, 'BM', 'BERMUDA', 'Bermuda', 'BMU', 60, 1441),
	(25, 'BT', 'BHUTAN', 'Bhutan', 'BTN', 64, 975),
	(26, 'BO', 'BOLIVIA', 'Bolivia', 'BOL', 68, 591),
	(27, 'BA', 'BOSNIA AND HERZEGOVINA', 'Bosnia and Herzegovina', 'BIH', 70, 387),
	(28, 'BW', 'BOTSWANA', 'Botswana', 'BWA', 72, 267),
	(29, 'BV', 'BOUVET ISLAND', 'Bouvet Island', NULL, NULL, 0),
	(30, 'BR', 'BRAZIL', 'Brazil', 'BRA', 76, 55),
	(31, 'IO', 'BRITISH INDIAN OCEAN TERRITORY', 'British Indian Ocean Territory', NULL, NULL, 246),
	(32, 'BN', 'BRUNEI DARUSSALAM', 'Brunei Darussalam', 'BRN', 96, 673),
	(33, 'BG', 'BULGARIA', 'Bulgaria', 'BGR', 100, 359),
	(34, 'BF', 'BURKINA FASO', 'Burkina Faso', 'BFA', 854, 226),
	(35, 'BI', 'BURUNDI', 'Burundi', 'BDI', 108, 257),
	(36, 'KH', 'CAMBODIA', 'Cambodia', 'KHM', 116, 855),
	(37, 'CM', 'CAMEROON', 'Cameroon', 'CMR', 120, 237),
	(38, 'CA', 'CANADA', 'Canada', 'CAN', 124, 1),
	(39, 'CV', 'CAPE VERDE', 'Cape Verde', 'CPV', 132, 238),
	(40, 'KY', 'CAYMAN ISLANDS', 'Cayman Islands', 'CYM', 136, 1345),
	(41, 'CF', 'CENTRAL AFRICAN REPUBLIC', 'Central African Republic', 'CAF', 140, 236),
	(42, 'TD', 'CHAD', 'Chad', 'TCD', 148, 235),
	(43, 'CL', 'CHILE', 'Chile', 'CHL', 152, 56),
	(44, 'CN', 'CHINA', 'China', 'CHN', 156, 86),
	(45, 'CX', 'CHRISTMAS ISLAND', 'Christmas Island', NULL, NULL, 61),
	(46, 'CC', 'COCOS (KEELING) ISLANDS', 'Cocos (Keeling) Islands', NULL, NULL, 672),
	(47, 'CO', 'COLOMBIA', 'Colombia', 'COL', 170, 57),
	(48, 'KM', 'COMOROS', 'Comoros', 'COM', 174, 269),
	(49, 'CG', 'CONGO', 'Congo', 'COG', 178, 242),
	(50, 'CD', 'CONGO, THE DEMOCRATIC REPUBLIC OF THE', 'Congo, the Democratic Republic of the', 'COD', 180, 242),
	(51, 'CK', 'COOK ISLANDS', 'Cook Islands', 'COK', 184, 682),
	(52, 'CR', 'COSTA RICA', 'Costa Rica', 'CRI', 188, 506),
	(53, 'CI', 'COTE D\'IVOIRE', 'Cote D\'Ivoire', 'CIV', 384, 225),
	(54, 'HR', 'CROATIA', 'Croatia', 'HRV', 191, 385),
	(55, 'CU', 'CUBA', 'Cuba', 'CUB', 192, 53),
	(56, 'CY', 'CYPRUS', 'Cyprus', 'CYP', 196, 357),
	(57, 'CZ', 'CZECH REPUBLIC', 'Czech Republic', 'CZE', 203, 420),
	(58, 'DK', 'DENMARK', 'Denmark', 'DNK', 208, 45),
	(59, 'DJ', 'DJIBOUTI', 'Djibouti', 'DJI', 262, 253),
	(60, 'DM', 'DOMINICA', 'Dominica', 'DMA', 212, 1767),
	(61, 'DO', 'DOMINICAN REPUBLIC', 'Dominican Republic', 'DOM', 214, 1809),
	(62, 'EC', 'ECUADOR', 'Ecuador', 'ECU', 218, 593),
	(63, 'EG', 'EGYPT', 'Egypt', 'EGY', 818, 20),
	(64, 'SV', 'EL SALVADOR', 'El Salvador', 'SLV', 222, 503),
	(65, 'GQ', 'EQUATORIAL GUINEA', 'Equatorial Guinea', 'GNQ', 226, 240),
	(66, 'ER', 'ERITREA', 'Eritrea', 'ERI', 232, 291),
	(67, 'EE', 'ESTONIA', 'Estonia', 'EST', 233, 372),
	(68, 'ET', 'ETHIOPIA', 'Ethiopia', 'ETH', 231, 251),
	(69, 'FK', 'FALKLAND ISLANDS (MALVINAS)', 'Falkland Islands (Malvinas)', 'FLK', 238, 500),
	(70, 'FO', 'FAROE ISLANDS', 'Faroe Islands', 'FRO', 234, 298),
	(71, 'FJ', 'FIJI', 'Fiji', 'FJI', 242, 679),
	(72, 'FI', 'FINLAND', 'Finland', 'FIN', 246, 358),
	(73, 'FR', 'FRANCE', 'France', 'FRA', 250, 33),
	(74, 'GF', 'FRENCH GUIANA', 'French Guiana', 'GUF', 254, 594),
	(75, 'PF', 'FRENCH POLYNESIA', 'French Polynesia', 'PYF', 258, 689),
	(76, 'TF', 'FRENCH SOUTHERN TERRITORIES', 'French Southern Territories', NULL, NULL, 0),
	(77, 'GA', 'GABON', 'Gabon', 'GAB', 266, 241),
	(78, 'GM', 'GAMBIA', 'Gambia', 'GMB', 270, 220),
	(79, 'GE', 'GEORGIA', 'Georgia', 'GEO', 268, 995),
	(80, 'DE', 'GERMANY', 'Germany', 'DEU', 276, 49),
	(81, 'GH', 'GHANA', 'Ghana', 'GHA', 288, 233),
	(82, 'GI', 'GIBRALTAR', 'Gibraltar', 'GIB', 292, 350),
	(83, 'GR', 'GREECE', 'Greece', 'GRC', 300, 30),
	(84, 'GL', 'GREENLAND', 'Greenland', 'GRL', 304, 299),
	(85, 'GD', 'GRENADA', 'Grenada', 'GRD', 308, 1473),
	(86, 'GP', 'GUADELOUPE', 'Guadeloupe', 'GLP', 312, 590),
	(87, 'GU', 'GUAM', 'Guam', 'GUM', 316, 1671),
	(88, 'GT', 'GUATEMALA', 'Guatemala', 'GTM', 320, 502),
	(89, 'GN', 'GUINEA', 'Guinea', 'GIN', 324, 224),
	(90, 'GW', 'GUINEA-BISSAU', 'Guinea-Bissau', 'GNB', 624, 245),
	(91, 'GY', 'GUYANA', 'Guyana', 'GUY', 328, 592),
	(92, 'HT', 'HAITI', 'Haiti', 'HTI', 332, 509),
	(93, 'HM', 'HEARD ISLAND AND MCDONALD ISLANDS', 'Heard Island and Mcdonald Islands', NULL, NULL, 0),
	(94, 'VA', 'HOLY SEE (VATICAN CITY STATE)', 'Holy See (Vatican City State)', 'VAT', 336, 39),
	(95, 'HN', 'HONDURAS', 'Honduras', 'HND', 340, 504),
	(96, 'HK', 'HONG KONG', 'Hong Kong', 'HKG', 344, 852),
	(97, 'HU', 'HUNGARY', 'Hungary', 'HUN', 348, 36),
	(98, 'IS', 'ICELAND', 'Iceland', 'ISL', 352, 354),
	(99, 'IN', 'INDIA', 'India', 'IND', 356, 91),
	(100, 'ID', 'INDONESIA', 'Indonesia', 'IDN', 360, 62),
	(101, 'IR', 'IRAN, ISLAMIC REPUBLIC OF', 'Iran, Islamic Republic of', 'IRN', 364, 98),
	(102, 'IQ', 'IRAQ', 'Iraq', 'IRQ', 368, 964),
	(103, 'IE', 'IRELAND', 'Ireland', 'IRL', 372, 353),
	(104, 'IL', 'ISRAEL', 'Israel', 'ISR', 376, 972),
	(105, 'IT', 'ITALY', 'Italy', 'ITA', 380, 39),
	(106, 'JM', 'JAMAICA', 'Jamaica', 'JAM', 388, 1876),
	(107, 'JP', 'JAPAN', 'Japan', 'JPN', 392, 81),
	(108, 'JO', 'JORDAN', 'Jordan', 'JOR', 400, 962),
	(109, 'KZ', 'KAZAKHSTAN', 'Kazakhstan', 'KAZ', 398, 7),
	(110, 'KE', 'KENYA', 'Kenya', 'KEN', 404, 254),
	(111, 'KI', 'KIRIBATI', 'Kiribati', 'KIR', 296, 686),
	(112, 'KP', 'KOREA, DEMOCRATIC PEOPLE\'S REPUBLIC OF', 'Korea, Democratic People\'s Republic of', 'PRK', 408, 850),
	(113, 'KR', 'KOREA, REPUBLIC OF', 'Korea, Republic of', 'KOR', 410, 82),
	(114, 'KW', 'KUWAIT', 'Kuwait', 'KWT', 414, 965),
	(115, 'KG', 'KYRGYZSTAN', 'Kyrgyzstan', 'KGZ', 417, 996),
	(116, 'LA', 'LAO PEOPLE\'S DEMOCRATIC REPUBLIC', 'Lao People\'s Democratic Republic', 'LAO', 418, 856),
	(117, 'LV', 'LATVIA', 'Latvia', 'LVA', 428, 371),
	(118, 'LB', 'LEBANON', 'Lebanon', 'LBN', 422, 961),
	(119, 'LS', 'LESOTHO', 'Lesotho', 'LSO', 426, 266),
	(120, 'LR', 'LIBERIA', 'Liberia', 'LBR', 430, 231),
	(121, 'LY', 'LIBYAN ARAB JAMAHIRIYA', 'Libyan Arab Jamahiriya', 'LBY', 434, 218),
	(122, 'LI', 'LIECHTENSTEIN', 'Liechtenstein', 'LIE', 438, 423),
	(123, 'LT', 'LITHUANIA', 'Lithuania', 'LTU', 440, 370),
	(124, 'LU', 'LUXEMBOURG', 'Luxembourg', 'LUX', 442, 352),
	(125, 'MO', 'MACAO', 'Macao', 'MAC', 446, 853),
	(126, 'MK', 'MACEDONIA, THE FORMER YUGOSLAV REPUBLIC OF', 'Macedonia, the Former Yugoslav Republic of', 'MKD', 807, 389),
	(127, 'MG', 'MADAGASCAR', 'Madagascar', 'MDG', 450, 261),
	(128, 'MW', 'MALAWI', 'Malawi', 'MWI', 454, 265),
	(129, 'MY', 'MALAYSIA', 'Malaysia', 'MYS', 458, 60),
	(130, 'MV', 'MALDIVES', 'Maldives', 'MDV', 462, 960),
	(131, 'ML', 'MALI', 'Mali', 'MLI', 466, 223),
	(132, 'MT', 'MALTA', 'Malta', 'MLT', 470, 356),
	(133, 'MH', 'MARSHALL ISLANDS', 'Marshall Islands', 'MHL', 584, 692),
	(134, 'MQ', 'MARTINIQUE', 'Martinique', 'MTQ', 474, 596),
	(135, 'MR', 'MAURITANIA', 'Mauritania', 'MRT', 478, 222),
	(136, 'MU', 'MAURITIUS', 'Mauritius', 'MUS', 480, 230),
	(137, 'YT', 'MAYOTTE', 'Mayotte', NULL, NULL, 269),
	(138, 'MX', 'MEXICO', 'Mexico', 'MEX', 484, 52),
	(139, 'FM', 'MICRONESIA, FEDERATED STATES OF', 'Micronesia, Federated States of', 'FSM', 583, 691),
	(140, 'MD', 'MOLDOVA, REPUBLIC OF', 'Moldova, Republic of', 'MDA', 498, 373),
	(141, 'MC', 'MONACO', 'Monaco', 'MCO', 492, 377),
	(142, 'MN', 'MONGOLIA', 'Mongolia', 'MNG', 496, 976),
	(143, 'MS', 'MONTSERRAT', 'Montserrat', 'MSR', 500, 1664),
	(144, 'MA', 'MOROCCO', 'Morocco', 'MAR', 504, 212),
	(145, 'MZ', 'MOZAMBIQUE', 'Mozambique', 'MOZ', 508, 258),
	(146, 'MM', 'MYANMAR', 'Myanmar', 'MMR', 104, 95),
	(147, 'NA', 'NAMIBIA', 'Namibia', 'NAM', 516, 264),
	(148, 'NR', 'NAURU', 'Nauru', 'NRU', 520, 674),
	(149, 'NP', 'NEPAL', 'Nepal', 'NPL', 524, 977),
	(150, 'NL', 'NETHERLANDS', 'Netherlands', 'NLD', 528, 31),
	(151, 'AN', 'NETHERLANDS ANTILLES', 'Netherlands Antilles', 'ANT', 530, 599),
	(152, 'NC', 'NEW CALEDONIA', 'New Caledonia', 'NCL', 540, 687),
	(153, 'NZ', 'NEW ZEALAND', 'New Zealand', 'NZL', 554, 64),
	(154, 'NI', 'NICARAGUA', 'Nicaragua', 'NIC', 558, 505),
	(155, 'NE', 'NIGER', 'Niger', 'NER', 562, 227),
	(156, 'NG', 'NIGERIA', 'Nigeria', 'NGA', 566, 234),
	(157, 'NU', 'NIUE', 'Niue', 'NIU', 570, 683),
	(158, 'NF', 'NORFOLK ISLAND', 'Norfolk Island', 'NFK', 574, 672),
	(159, 'MP', 'NORTHERN MARIANA ISLANDS', 'Northern Mariana Islands', 'MNP', 580, 1670),
	(160, 'NO', 'NORWAY', 'Norway', 'NOR', 578, 47),
	(161, 'OM', 'OMAN', 'Oman', 'OMN', 512, 968),
	(162, 'PK', 'PAKISTAN', 'Pakistan', 'PAK', 586, 92),
	(163, 'PW', 'PALAU', 'Palau', 'PLW', 585, 680),
	(164, 'PS', 'PALESTINIAN TERRITORY, OCCUPIED', 'Palestinian Territory, Occupied', NULL, NULL, 970),
	(165, 'PA', 'PANAMA', 'Panama', 'PAN', 591, 507),
	(166, 'PG', 'PAPUA NEW GUINEA', 'Papua New Guinea', 'PNG', 598, 675),
	(167, 'PY', 'PARAGUAY', 'Paraguay', 'PRY', 600, 595),
	(168, 'PE', 'PERU', 'Peru', 'PER', 604, 51),
	(169, 'PH', 'PHILIPPINES', 'Philippines', 'PHL', 608, 63),
	(170, 'PN', 'PITCAIRN', 'Pitcairn', 'PCN', 612, 0),
	(171, 'PL', 'POLAND', 'Poland', 'POL', 616, 48),
	(172, 'PT', 'PORTUGAL', 'Portugal', 'PRT', 620, 351),
	(173, 'PR', 'PUERTO RICO', 'Puerto Rico', 'PRI', 630, 1787),
	(174, 'QA', 'QATAR', 'Qatar', 'QAT', 634, 974),
	(175, 'RE', 'REUNION', 'Reunion', 'REU', 638, 262),
	(176, 'RO', 'ROMANIA', 'Romania', 'ROM', 642, 40),
	(177, 'RU', 'RUSSIAN FEDERATION', 'Russian Federation', 'RUS', 643, 70),
	(178, 'RW', 'RWANDA', 'Rwanda', 'RWA', 646, 250),
	(179, 'SH', 'SAINT HELENA', 'Saint Helena', 'SHN', 654, 290),
	(180, 'KN', 'SAINT KITTS AND NEVIS', 'Saint Kitts and Nevis', 'KNA', 659, 1869),
	(181, 'LC', 'SAINT LUCIA', 'Saint Lucia', 'LCA', 662, 1758),
	(182, 'PM', 'SAINT PIERRE AND MIQUELON', 'Saint Pierre and Miquelon', 'SPM', 666, 508),
	(183, 'VC', 'SAINT VINCENT AND THE GRENADINES', 'Saint Vincent and the Grenadines', 'VCT', 670, 1784),
	(184, 'WS', 'SAMOA', 'Samoa', 'WSM', 882, 684),
	(185, 'SM', 'SAN MARINO', 'San Marino', 'SMR', 674, 378),
	(186, 'ST', 'SAO TOME AND PRINCIPE', 'Sao Tome and Principe', 'STP', 678, 239),
	(187, 'SA', 'SAUDI ARABIA', 'Saudi Arabia', 'SAU', 682, 966),
	(188, 'SN', 'SENEGAL', 'Senegal', 'SEN', 686, 221),
	(189, 'CS', 'SERBIA AND MONTENEGRO', 'Serbia and Montenegro', NULL, NULL, 381),
	(190, 'SC', 'SEYCHELLES', 'Seychelles', 'SYC', 690, 248),
	(191, 'SL', 'SIERRA LEONE', 'Sierra Leone', 'SLE', 694, 232),
	(192, 'SG', 'SINGAPORE', 'Singapore', 'SGP', 702, 65),
	(193, 'SK', 'SLOVAKIA', 'Slovakia', 'SVK', 703, 421),
	(194, 'SI', 'SLOVENIA', 'Slovenia', 'SVN', 705, 386),
	(195, 'SB', 'SOLOMON ISLANDS', 'Solomon Islands', 'SLB', 90, 677),
	(196, 'SO', 'SOMALIA', 'Somalia', 'SOM', 706, 252),
	(197, 'ZA', 'SOUTH AFRICA', 'South Africa', 'ZAF', 710, 27),
	(198, 'GS', 'SOUTH GEORGIA AND THE SOUTH SANDWICH ISLANDS', 'South Georgia and the South Sandwich Islands', NULL, NULL, 0),
	(199, 'ES', 'SPAIN', 'Spain', 'ESP', 724, 34),
	(200, 'LK', 'SRI LANKA', 'Sri Lanka', 'LKA', 144, 94),
	(201, 'SD', 'SUDAN', 'Sudan', 'SDN', 736, 249),
	(202, 'SR', 'SURINAME', 'Suriname', 'SUR', 740, 597),
	(203, 'SJ', 'SVALBARD AND JAN MAYEN', 'Svalbard and Jan Mayen', 'SJM', 744, 47),
	(204, 'SZ', 'SWAZILAND', 'Swaziland', 'SWZ', 748, 268),
	(205, 'SE', 'SWEDEN', 'Sweden', 'SWE', 752, 46),
	(206, 'CH', 'SWITZERLAND', 'Switzerland', 'CHE', 756, 41),
	(207, 'SY', 'SYRIAN ARAB REPUBLIC', 'Syrian Arab Republic', 'SYR', 760, 963),
	(208, 'TW', 'TAIWAN, PROVINCE OF CHINA', 'Taiwan, Province of China', 'TWN', 158, 886),
	(209, 'TJ', 'TAJIKISTAN', 'Tajikistan', 'TJK', 762, 992),
	(210, 'TZ', 'TANZANIA, UNITED REPUBLIC OF', 'Tanzania, United Republic of', 'TZA', 834, 255),
	(211, 'TH', 'THAILAND', 'Thailand', 'THA', 764, 66),
	(212, 'TL', 'TIMOR-LESTE', 'Timor-Leste', NULL, NULL, 670),
	(213, 'TG', 'TOGO', 'Togo', 'TGO', 768, 228),
	(214, 'TK', 'TOKELAU', 'Tokelau', 'TKL', 772, 690),
	(215, 'TO', 'TONGA', 'Tonga', 'TON', 776, 676),
	(216, 'TT', 'TRINIDAD AND TOBAGO', 'Trinidad and Tobago', 'TTO', 780, 1868),
	(217, 'TN', 'TUNISIA', 'Tunisia', 'TUN', 788, 216),
	(218, 'TR', 'TURKEY', 'Turkey', 'TUR', 792, 90),
	(219, 'TM', 'TURKMENISTAN', 'Turkmenistan', 'TKM', 795, 7370),
	(220, 'TC', 'TURKS AND CAICOS ISLANDS', 'Turks and Caicos Islands', 'TCA', 796, 1649),
	(221, 'TV', 'TUVALU', 'Tuvalu', 'TUV', 798, 688),
	(222, 'UG', 'UGANDA', 'Uganda', 'UGA', 800, 256),
	(223, 'UA', 'UKRAINE', 'Ukraine', 'UKR', 804, 380),
	(224, 'AE', 'UNITED ARAB EMIRATES', 'United Arab Emirates', 'ARE', 784, 971),
	(225, 'GB', 'UNITED KINGDOM', 'United Kingdom', 'GBR', 826, 44),
	(226, 'US', 'UNITED STATES', 'United States', 'USA', 840, 1),
	(227, 'UM', 'UNITED STATES MINOR OUTLYING ISLANDS', 'United States Minor Outlying Islands', NULL, NULL, 1),
	(228, 'UY', 'URUGUAY', 'Uruguay', 'URY', 858, 598),
	(229, 'UZ', 'UZBEKISTAN', 'Uzbekistan', 'UZB', 860, 998),
	(230, 'VU', 'VANUATU', 'Vanuatu', 'VUT', 548, 678),
	(231, 'VE', 'VENEZUELA', 'Venezuela', 'VEN', 862, 58),
	(232, 'VN', 'VIET NAM', 'Viet Nam', 'VNM', 704, 84),
	(233, 'VG', 'VIRGIN ISLANDS, BRITISH', 'Virgin Islands, British', 'VGB', 92, 1284),
	(234, 'VI', 'VIRGIN ISLANDS, U.S.', 'Virgin Islands, U.s.', 'VIR', 850, 1340),
	(235, 'WF', 'WALLIS AND FUTUNA', 'Wallis and Futuna', 'WLF', 876, 681),
	(236, 'EH', 'WESTERN SAHARA', 'Western Sahara', 'ESH', 732, 212),
	(237, 'YE', 'YEMEN', 'Yemen', 'YEM', 887, 967),
	(238, 'ZM', 'ZAMBIA', 'Zambia', 'ZMB', 894, 260),
	(239, 'ZW', 'ZIMBABWE', 'Zimbabwe', 'ZWE', 716, 263);

-- Dumping structure for table career.job_seekers
CREATE TABLE IF NOT EXISTS `job_seekers` (
  `id` bigint NOT NULL AUTO_INCREMENT,
  `name` varchar(255) CHARACTER SET armscii8 COLLATE armscii8_bin NOT NULL,
  `email` varchar(255) CHARACTER SET armscii8 COLLATE armscii8_bin NOT NULL,
  `phone` varchar(20) CHARACTER SET armscii8 COLLATE armscii8_bin NOT NULL,
  `gender` varchar(50) CHARACTER SET armscii8 COLLATE armscii8_bin NOT NULL,
  `birth_of_day` date NOT NULL,
  `address` text CHARACTER SET armscii8 COLLATE armscii8_bin NOT NULL,
  `education_level` varchar(50) CHARACTER SET armscii8 COLLATE armscii8_bin NOT NULL,
  `file_statement` varchar(500) CHARACTER SET armscii8 COLLATE armscii8_bin NOT NULL DEFAULT 'CURRENT_TIMESTAMP',
  `status` int NOT NULL DEFAULT '0',
  `training_type_id` int unsigned NOT NULL,
  `created_at` timestamp NOT NULL DEFAULT CURRENT_TIMESTAMP,
  `updated_at` timestamp NOT NULL DEFAULT CURRENT_TIMESTAMP,
  `approved_at` timestamp NULL DEFAULT CURRENT_TIMESTAMP ON UPDATE CURRENT_TIMESTAMP,
  `rejected_at` timestamp NULL DEFAULT CURRENT_TIMESTAMP,
  `reverted_at` timestamp NULL DEFAULT CURRENT_TIMESTAMP,
  `approved_by` int DEFAULT NULL,
  `rejected_by` int DEFAULT NULL,
  `reverted_by` int DEFAULT NULL,
  PRIMARY KEY (`id`),
  UNIQUE KEY `email` (`email`)
) ENGINE=InnoDB AUTO_INCREMENT=19 DEFAULT CHARSET=armscii8 COLLATE=armscii8_bin;

-- Dumping data for table career.job_seekers: ~11 rows (approximately)
INSERT INTO `job_seekers` (`id`, `name`, `email`, `phone`, `gender`, `birth_of_day`, `address`, `education_level`, `file_statement`, `status`, `training_type_id`, `created_at`, `updated_at`, `approved_at`, `rejected_at`, `reverted_at`, `approved_by`, `rejected_by`, `reverted_by`) VALUES
	(1, '2222-02-22', 'ridwan.metallica@gmail.com', '089656303015', 'M', '2025-09-25', 'P3F4+XJ9, Jalan Raya Inspeksi Kalimalang Setiadarma, Tambun Selatan, Tambun, Kec. Tambun Sel., Kabupaten Bekasi, Jawa Barat 17510', '0', '0000-00-00 00:00:00', 1, 0, '2025-09-23 02:20:42', '2025-09-25 21:40:04', '2025-09-25 21:40:04', '2025-09-25 13:49:38', '2025-09-25 13:49:38', 2, NULL, NULL),
	(7, 'Herdi Studio', 'ridwan.a@gmail.com', '089656303015', 'M', '2025-09-25', 'P3F4+XJ9, Jalan Raya Inspeksi Kalimalang Setiadarma, Tambun Selatan, Tambun, Kec. Tambun Sel., Kabupaten Bekasi, Jawa Barat 17510', 'SD', '0000-00-00 00:00:00', 0, 0, '2025-09-25 08:45:01', '2025-09-26 04:39:53', '2025-09-25 09:16:10', '2025-09-25 13:49:38', '2025-09-25 13:49:38', NULL, NULL, NULL),
	(8, 'Developer', 'ridwan.dipstrategy@gmail.com', '089656303015', 'M', '2025-09-05', 'Jl. Insinyur H. Juanda No.305, RT.001/RW.021, Aren Jaya, Kec. Bekasi Tim., Kota Bks, Jawa Barat 17113', 'SD', 'blank.pdf', 0, 0, '2025-09-25 02:36:21', '2025-09-26 04:39:53', '2025-09-25 02:36:21', '2025-09-25 13:49:38', '2025-09-25 13:49:38', NULL, NULL, NULL),
	(10, 'Developer', 'wan.abbleh@gmail.com', '089656303015', 'M', '2025-09-01', ' Jl. Insinyur H. Juanda No.305, RT.001/RW.021, Aren Jaya, Kec. Bekasi Tim., Kota Bks, Jawa Barat 17113', 'SD', 'blank.pdf', 0, 0, '2025-09-25 02:37:42', '2025-09-26 04:39:53', '2025-09-25 02:37:42', '2025-09-25 13:49:38', '2025-09-25 13:49:38', NULL, NULL, NULL),
	(11, 'Developer', 'ridwan.metallica1@gmail.com', '089656303015', 'M', '2025-09-01', ' Jl. Insinyur H. Juanda No.305, RT.001/RW.021, Aren Jaya, Kec. Bekasi Tim., Kota Bks, Jawa Barat 17113', 'SD', 'blank.pdf', 0, 0, '2025-09-25 02:41:06', '2025-09-26 04:39:53', '2025-09-25 02:41:06', '2025-09-25 13:49:38', '2025-09-25 13:49:38', NULL, NULL, NULL),
	(12, 'Developer', 'ridwan.metallica2@gmail.com', '089656303015', 'M', '2025-09-01', ' Jl. Insinyur H. Juanda No.305, RT.001/RW.021, Aren Jaya, Kec. Bekasi Tim., Kota Bks, Jawa Barat 17113', 'SD', 'blank.pdf', 0, 0, '2025-09-25 02:45:16', '2025-09-26 04:39:53', '2025-09-25 02:45:16', '2025-09-25 13:49:38', '2025-09-25 13:49:38', NULL, NULL, NULL),
	(13, 'Developer', 'ridwan.dipstrategy1@gmail.com', '089656303015', 'M', '2025-09-30', 'Bekasi', 'SD', 'blank.pdf', 0, 0, '2025-09-25 02:45:50', '2025-09-26 04:39:53', '2025-09-25 02:45:50', '2025-09-25 13:49:38', '2025-09-25 13:49:38', NULL, NULL, NULL),
	(15, 'admin', 'ridwan.metallica3223@gmail.com', '089656303015', 'M', '2025-09-01', 'dd($file->getClientMimeType());', 'SD', 'blank.pdf', 0, 0, '2025-09-25 02:48:14', '2025-09-26 04:39:53', '2025-09-25 02:48:14', '2025-09-25 13:49:38', '2025-09-25 13:49:38', NULL, NULL, NULL),
	(16, 'Herdi Studio', 'ridwan.metallica5345@gmail.com', '089656303015', 'M', '2025-09-03', 'Bekasi', 'SD', '/assets/images/job-seeker/statement-letter/herdi-studio-ridwan-metallica5345-gmail-com-statement-letter.pdf', 0, 0, '2025-09-25 02:54:01', '2025-09-26 04:39:53', '2025-09-25 02:54:01', '2025-09-25 13:49:38', '2025-09-25 13:49:38', NULL, NULL, NULL),
	(17, 'Herdi Studio', 'ridwan.metallica8789@gmail.com', '089656303015', 'M', '2025-09-03', ' Jl. Insinyur H. Juanda No.305, RT.001/RW.021, Aren Jaya, Kec. Bekasi Tim., Kota Bks, Jawa Barat 17113', 'SD', '/file/job-seeker/statement-letter/herdi-studio-ridwan-metallica8789-gmail-com-statement-letter.pdf', 0, 0, '2025-09-25 02:55:37', '2025-09-26 04:39:53', '2025-09-25 02:55:37', '2025-09-25 13:49:38', '2025-09-25 13:49:38', NULL, NULL, NULL),
	(18, 'Ridwan', 'ridwan.metallica482@gmail.com', '089656303015', 'M', '2025-09-03', ' Jl. Insinyur H. Juanda No.305, RT.001/RW.021, Aren Jaya, Kec. Bekasi Tim., Kota Bks, Jawa Barat 17113', 'SD', '/storage/file/job-seeker/statement-letter/ridwan-ridwan-metallica482-gmail-com-statement-letter.pdf', 0, 0, '2025-09-25 03:05:42', '2025-09-26 04:39:53', '2025-09-25 03:05:42', '2025-09-25 13:49:38', '2025-09-25 13:49:38', NULL, NULL, NULL);

-- Dumping structure for table career.job_vacancy
CREATE TABLE IF NOT EXISTS `job_vacancy` (
  `id` bigint unsigned NOT NULL AUTO_INCREMENT,
  `position` varchar(255) COLLATE armscii8_bin NOT NULL,
  `company_id` bigint unsigned NOT NULL DEFAULT '0',
  `country_id` bigint NOT NULL,
  `unisex_quota` int NOT NULL DEFAULT '0',
  `male_quota` int NOT NULL DEFAULT '0',
  `female_quota` int NOT NULL DEFAULT '0',
  `duration` int NOT NULL DEFAULT '0',
  `duration_type` varchar(255) COLLATE armscii8_bin NOT NULL DEFAULT '0',
  `selection_date` date NOT NULL,
  `description` text CHARACTER SET armscii8 COLLATE armscii8_bin NOT NULL,
  `requirement` text CHARACTER SET armscii8 COLLATE armscii8_bin NOT NULL,
  `email` varchar(255) CHARACTER SET latin1 COLLATE latin1_swedish_ci NOT NULL DEFAULT '',
  `status` int NOT NULL DEFAULT '0',
  `created_at` timestamp NOT NULL DEFAULT CURRENT_TIMESTAMP,
  `updated_at` timestamp NOT NULL DEFAULT CURRENT_TIMESTAMP ON UPDATE CURRENT_TIMESTAMP,
  `deleted_at` timestamp NULL DEFAULT NULL,
  `created_by` bigint unsigned DEFAULT NULL,
  `updated_by` bigint unsigned DEFAULT NULL,
  `deleted_by` bigint unsigned DEFAULT NULL,
  PRIMARY KEY (`id`),
  KEY `created_by` (`created_by`),
  KEY `updated_by` (`updated_by`),
  KEY `FK_job_vacancy_companies` (`company_id`),
  KEY `FK_job_vacancy_countries` (`country_id`),
  CONSTRAINT `FK_job_vacancy_companies` FOREIGN KEY (`company_id`) REFERENCES `companies` (`id`),
  CONSTRAINT `FK_job_vacancy_countries` FOREIGN KEY (`country_id`) REFERENCES `countries` (`id`)
) ENGINE=InnoDB AUTO_INCREMENT=161 DEFAULT CHARSET=armscii8 COLLATE=armscii8_bin;

-- Dumping data for table career.job_vacancy: ~157 rows (approximately)
INSERT INTO `job_vacancy` (`id`, `position`, `company_id`, `country_id`, `unisex_quota`, `male_quota`, `female_quota`, `duration`, `duration_type`, `selection_date`, `description`, `requirement`, `email`, `status`, `created_at`, `updated_at`, `deleted_at`, `created_by`, `updated_by`, `deleted_by`) VALUES
	(2, 'DIrektur', 2, 2, 0, 1, 1, 1, 'Tahun', '2025-09-20', '<p>TEst</p>', '<p>TEst requirement</p>', 'ridwan.metallica@gmail.com', 1, '2025-09-20 07:11:57', '2025-09-25 00:50:31', NULL, 2, 2, NULL),
	(3, 'Programmer', 3, 239, 3, 1, 2, 12, 'Tahun', '2025-09-20', '<p>TEst</p>', '<p>OK</p>', 'ridwan.metallica@gmail.com', 1, '2025-09-20 07:11:57', '2025-09-25 00:56:11', NULL, NULL, 2, NULL),
	(4, 'A3', 1, 1, 3, 1, 2, 12, 'Tahun', '2025-09-20', '<p>TEst</p>', '<p>TEst requirement</p>', 'ridwan.metallica@gmail.com', 0, '2025-09-20 07:11:57', '2025-09-21 06:26:34', NULL, NULL, NULL, NULL),
	(5, 'A4', 1, 1, 3, 1, 2, 12, 'Tahun', '2025-09-20', '<p>TEst</p>', '<p>TEst requirement</p>', 'ridwan.metallica@gmail.com', 0, '2025-09-20 07:11:57', '2025-09-21 06:26:34', NULL, NULL, NULL, NULL),
	(6, 'A5', 1, 1, 3, 1, 2, 12, 'Tahun', '2025-09-20', '<p>TEst</p>', '<p>TEst requirement</p>', 'ridwan.metallica@gmail.com', 0, '2025-09-20 07:11:57', '2025-09-21 06:26:34', NULL, NULL, NULL, NULL),
	(7, 'A6', 1, 1, 3, 1, 2, 12, 'Tahun', '2025-09-20', '<p>TEst</p>', '<p>TEst requirement</p>', 'ridwan.metallica@gmail.com', 0, '2025-09-20 07:11:57', '2025-09-21 06:26:34', NULL, NULL, NULL, NULL),
	(8, 'A7', 1, 1, 3, 1, 2, 12, 'Tahun', '2025-09-20', '<p>TEst</p>', '<p>TEst requirement</p>', 'ridwan.metallica@gmail.com', 0, '2025-09-20 07:11:57', '2025-09-21 06:26:34', NULL, NULL, NULL, NULL),
	(9, 'A8', 1, 1, 3, 1, 2, 12, 'Tahun', '2025-09-20', '<p>TEst</p>', '<p>TEst requirement</p>', 'ridwan.metallica@gmail.com', 0, '2025-09-20 07:11:57', '2025-09-21 06:26:34', NULL, NULL, NULL, NULL),
	(10, 'A9', 1, 1, 3, 1, 2, 12, 'Tahun', '2025-09-20', '<p>TEst</p>', '<p>TEst requirement</p>', 'ridwan.metallica@gmail.com', 0, '2025-09-20 07:11:57', '2025-09-21 06:26:34', NULL, NULL, NULL, NULL),
	(11, 'A10', 1, 1, 3, 1, 2, 12, 'Tahun', '2025-09-20', '<p>TEst</p>', '<p>TEst requirement</p>', 'ridwan.metallica@gmail.com', 0, '2025-09-20 07:11:57', '2025-09-21 06:26:34', NULL, NULL, NULL, NULL),
	(12, 'A11', 1, 1, 3, 1, 2, 12, 'Tahun', '2025-09-20', '<p>TEst</p>', '<p>TEst requirement</p>', 'ridwan.metallica@gmail.com', 0, '2025-09-20 07:11:57', '2025-09-21 06:26:34', NULL, NULL, NULL, NULL),
	(13, 'A1', 1, 1, 3, 1, 2, 12, 'Tahun', '2025-09-20', '<p>TEst</p>', '<p>TEst requirement</p>', 'ridwan.metallica@gmail.com', 0, '2025-09-20 07:11:57', '2025-09-21 06:26:34', NULL, NULL, NULL, NULL),
	(14, 'A2', 1, 1, 3, 1, 2, 12, 'Tahun', '2025-09-20', '<p>TEst</p>', '<p>TEst requirement</p>', 'ridwan.metallica@gmail.com', 0, '2025-09-20 07:11:57', '2025-09-21 06:26:34', NULL, NULL, NULL, NULL),
	(15, 'A3', 1, 1, 3, 1, 2, 12, 'Tahun', '2025-09-20', '<p>TEst</p>', '<p>TEst requirement</p>', 'ridwan.metallica@gmail.com', 0, '2025-09-20 07:11:57', '2025-09-21 06:26:34', NULL, NULL, NULL, NULL),
	(16, 'A4', 1, 1, 3, 1, 2, 12, 'Tahun', '2025-09-20', '<p>TEst</p>', '<p>TEst requirement</p>', 'ridwan.metallica@gmail.com', 0, '2025-09-20 07:11:57', '2025-09-21 06:26:34', NULL, NULL, NULL, NULL),
	(17, 'A5', 1, 1, 3, 1, 2, 12, 'Tahun', '2025-09-20', '<p>TEst</p>', '<p>TEst requirement</p>', 'ridwan.metallica@gmail.com', 0, '2025-09-20 07:11:57', '2025-09-21 06:26:34', NULL, NULL, NULL, NULL),
	(18, 'A6', 1, 1, 3, 1, 2, 12, 'Tahun', '2025-09-20', '<p>TEst</p>', '<p>TEst requirement</p>', 'ridwan.metallica@gmail.com', 0, '2025-09-20 07:11:57', '2025-09-21 06:26:34', NULL, NULL, NULL, NULL),
	(19, 'A7', 1, 1, 3, 1, 2, 12, 'Tahun', '2025-09-20', '<p>TEst</p>', '<p>TEst requirement</p>', 'ridwan.metallica@gmail.com', 0, '2025-09-20 07:11:57', '2025-09-21 06:26:34', NULL, NULL, NULL, NULL),
	(20, 'A8', 1, 1, 3, 1, 2, 12, 'Tahun', '2025-09-20', '<p>TEst</p>', '<p>TEst requirement</p>', 'ridwan.metallica@gmail.com', 0, '2025-09-20 07:11:57', '2025-09-21 06:26:34', NULL, NULL, NULL, NULL),
	(21, 'A9', 1, 1, 3, 1, 2, 12, 'Tahun', '2025-09-20', '<p>TEst</p>', '<p>TEst requirement</p>', 'ridwan.metallica@gmail.com', 0, '2025-09-20 07:11:57', '2025-09-21 06:26:34', NULL, NULL, NULL, NULL),
	(22, 'A10', 1, 1, 3, 1, 2, 12, 'Tahun', '2025-09-20', '<p>TEst</p>', '<p>TEst requirement</p>', 'ridwan.metallica@gmail.com', 0, '2025-09-20 07:11:57', '2025-09-21 06:26:34', NULL, NULL, NULL, NULL),
	(23, 'A11', 1, 1, 3, 1, 2, 12, 'Tahun', '2025-09-20', '<p>TEst</p>', '<p>TEst requirement</p>', 'ridwan.metallica@gmail.com', 0, '2025-09-20 07:11:57', '2025-09-21 06:26:34', NULL, NULL, NULL, NULL),
	(24, 'A1', 1, 1, 3, 1, 2, 12, 'Tahun', '2025-09-20', '<p>TEst</p>', '<p>TEst requirement</p>', 'ridwan.metallica@gmail.com', 0, '2025-09-20 07:11:57', '2025-09-21 06:26:34', NULL, NULL, NULL, NULL),
	(25, 'A2', 1, 1, 3, 1, 2, 12, 'Tahun', '2025-09-20', '<p>TEst</p>', '<p>TEst requirement</p>', 'ridwan.metallica@gmail.com', 0, '2025-09-20 07:11:57', '2025-09-21 06:26:34', NULL, NULL, NULL, NULL),
	(26, 'A3', 1, 1, 3, 1, 2, 12, 'Tahun', '2025-09-20', '<p>TEst</p>', '<p>TEst requirement</p>', 'ridwan.metallica@gmail.com', 0, '2025-09-20 07:11:57', '2025-09-21 06:26:34', NULL, NULL, NULL, NULL),
	(27, 'A4', 1, 1, 3, 1, 2, 12, 'Tahun', '2025-09-20', '<p>TEst</p>', '<p>TEst requirement</p>', 'ridwan.metallica@gmail.com', 0, '2025-09-20 07:11:57', '2025-09-21 06:26:34', NULL, NULL, NULL, NULL),
	(28, 'A5', 1, 1, 3, 1, 2, 12, 'Tahun', '2025-09-20', '<p>TEst</p>', '<p>TEst requirement</p>', 'ridwan.metallica@gmail.com', 0, '2025-09-20 07:11:57', '2025-09-21 06:26:34', NULL, NULL, NULL, NULL),
	(29, 'A6', 1, 1, 3, 1, 2, 12, 'Tahun', '2025-09-20', '<p>TEst</p>', '<p>TEst requirement</p>', 'ridwan.metallica@gmail.com', 0, '2025-09-20 07:11:57', '2025-09-21 06:26:34', NULL, NULL, NULL, NULL),
	(30, 'A7', 1, 1, 3, 1, 2, 12, 'Tahun', '2025-09-20', '<p>TEst</p>', '<p>TEst requirement</p>', 'ridwan.metallica@gmail.com', 0, '2025-09-20 07:11:57', '2025-09-21 06:26:34', NULL, NULL, NULL, NULL),
	(31, 'A8', 1, 1, 3, 1, 2, 12, 'Tahun', '2025-09-20', '<p>TEst</p>', '<p>TEst requirement</p>', 'ridwan.metallica@gmail.com', 0, '2025-09-20 07:11:57', '2025-09-21 06:26:34', NULL, NULL, NULL, NULL),
	(32, 'A9', 1, 1, 3, 1, 2, 12, 'Tahun', '2025-09-20', '<p>TEst</p>', '<p>TEst requirement</p>', 'ridwan.metallica@gmail.com', 0, '2025-09-20 07:11:57', '2025-09-21 06:26:34', NULL, NULL, NULL, NULL),
	(33, 'A10', 1, 1, 3, 1, 2, 12, 'Tahun', '2025-09-20', '<p>TEst</p>', '<p>TEst requirement</p>', 'ridwan.metallica@gmail.com', 0, '2025-09-20 07:11:57', '2025-09-21 06:26:34', NULL, NULL, NULL, NULL),
	(34, 'A11', 1, 1, 3, 1, 2, 12, 'Tahun', '2025-09-20', '<p>TEst</p>', '<p>TEst requirement</p>', 'ridwan.metallica@gmail.com', 0, '2025-09-20 07:11:57', '2025-09-21 06:26:34', NULL, NULL, NULL, NULL),
	(35, 'A1', 1, 1, 3, 1, 2, 12, 'Tahun', '2025-09-20', '<p>TEst</p>', '<p>TEst requirement</p>', 'ridwan.metallica@gmail.com', 0, '2025-09-20 07:11:57', '2025-09-21 06:26:34', NULL, NULL, NULL, NULL),
	(36, 'A2', 1, 1, 3, 1, 2, 12, 'Tahun', '2025-09-20', '<p>TEst</p>', '<p>TEst requirement</p>', 'ridwan.metallica@gmail.com', 0, '2025-09-20 07:11:57', '2025-09-21 06:26:34', NULL, NULL, NULL, NULL),
	(37, 'A3', 1, 1, 3, 1, 2, 12, 'Tahun', '2025-09-20', '<p>TEst</p>', '<p>TEst requirement</p>', 'ridwan.metallica@gmail.com', 0, '2025-09-20 07:11:57', '2025-09-21 06:26:34', NULL, NULL, NULL, NULL),
	(38, 'A4', 1, 1, 3, 1, 2, 12, 'Tahun', '2025-09-20', '<p>TEst</p>', '<p>TEst requirement</p>', 'ridwan.metallica@gmail.com', 0, '2025-09-20 07:11:57', '2025-09-21 06:26:34', NULL, NULL, NULL, NULL),
	(39, 'A5', 1, 1, 3, 1, 2, 12, 'Tahun', '2025-09-20', '<p>TEst</p>', '<p>TEst requirement</p>', 'ridwan.metallica@gmail.com', 0, '2025-09-20 07:11:57', '2025-09-21 06:26:34', NULL, NULL, NULL, NULL),
	(40, 'A6', 1, 1, 3, 1, 2, 12, 'Tahun', '2025-09-20', '<p>TEst</p>', '<p>TEst requirement</p>', 'ridwan.metallica@gmail.com', 0, '2025-09-20 07:11:57', '2025-09-21 06:26:34', NULL, NULL, NULL, NULL),
	(41, 'A7', 1, 1, 3, 1, 2, 12, 'Tahun', '2025-09-20', '<p>TEst</p>', '<p>TEst requirement</p>', 'ridwan.metallica@gmail.com', 0, '2025-09-20 07:11:57', '2025-09-21 06:26:34', NULL, NULL, NULL, NULL),
	(42, 'A8', 1, 1, 3, 1, 2, 12, 'Tahun', '2025-09-20', '<p>TEst</p>', '<p>TEst requirement</p>', 'ridwan.metallica@gmail.com', 0, '2025-09-20 07:11:57', '2025-09-21 06:26:34', NULL, NULL, NULL, NULL),
	(43, 'A9', 1, 1, 3, 1, 2, 12, 'Tahun', '2025-09-20', '<p>TEst</p>', '<p>TEst requirement</p>', 'ridwan.metallica@gmail.com', 0, '2025-09-20 07:11:57', '2025-09-21 06:26:34', NULL, NULL, NULL, NULL),
	(44, 'A10', 1, 1, 3, 1, 2, 12, 'Tahun', '2025-09-20', '<p>TEst</p>', '<p>TEst requirement</p>', 'ridwan.metallica@gmail.com', 0, '2025-09-20 07:11:57', '2025-09-21 06:26:34', NULL, NULL, NULL, NULL),
	(45, 'A11', 1, 1, 3, 1, 2, 12, 'Tahun', '2025-09-20', '<p>TEst</p>', '<p>TEst requirement</p>', 'ridwan.metallica@gmail.com', 0, '2025-09-20 07:11:57', '2025-09-21 06:26:34', NULL, NULL, NULL, NULL),
	(46, 'A1', 1, 1, 3, 1, 2, 12, 'Tahun', '2025-09-20', '<p>TEst</p>', '<p>TEst requirement</p>', 'ridwan.metallica@gmail.com', 0, '2025-09-20 07:11:57', '2025-09-21 06:26:34', NULL, NULL, NULL, NULL),
	(47, 'A2', 1, 1, 3, 1, 2, 12, 'Tahun', '2025-09-20', '<p>TEst</p>', '<p>TEst requirement</p>', 'ridwan.metallica@gmail.com', 0, '2025-09-20 07:11:57', '2025-09-21 06:26:34', NULL, NULL, NULL, NULL),
	(48, 'A3', 1, 1, 3, 1, 2, 12, 'Tahun', '2025-09-20', '<p>TEst</p>', '<p>TEst requirement</p>', 'ridwan.metallica@gmail.com', 0, '2025-09-20 07:11:57', '2025-09-21 06:26:34', NULL, NULL, NULL, NULL),
	(49, 'A4', 1, 1, 3, 1, 2, 12, 'Tahun', '2025-09-20', '<p>TEst</p>', '<p>TEst requirement</p>', 'ridwan.metallica@gmail.com', 0, '2025-09-20 07:11:57', '2025-09-21 06:26:34', NULL, NULL, NULL, NULL),
	(50, 'A5', 1, 1, 3, 1, 2, 12, 'Tahun', '2025-09-20', '<p>TEst</p>', '<p>TEst requirement</p>', 'ridwan.metallica@gmail.com', 0, '2025-09-20 07:11:57', '2025-09-21 06:26:34', NULL, NULL, NULL, NULL),
	(51, 'A6', 1, 1, 3, 1, 2, 12, 'Tahun', '2025-09-20', '<p>TEst</p>', '<p>TEst requirement</p>', 'ridwan.metallica@gmail.com', 0, '2025-09-20 07:11:57', '2025-09-21 06:26:34', NULL, NULL, NULL, NULL),
	(52, 'A7', 1, 1, 3, 1, 2, 12, 'Tahun', '2025-09-20', '<p>TEst</p>', '<p>TEst requirement</p>', 'ridwan.metallica@gmail.com', 0, '2025-09-20 07:11:57', '2025-09-21 06:26:34', NULL, NULL, NULL, NULL),
	(53, 'A8', 1, 1, 3, 1, 2, 12, 'Tahun', '2025-09-20', '<p>TEst</p>', '<p>TEst requirement</p>', 'ridwan.metallica@gmail.com', 0, '2025-09-20 07:11:57', '2025-09-21 06:26:34', NULL, NULL, NULL, NULL),
	(54, 'A9', 1, 1, 3, 1, 2, 12, 'Tahun', '2025-09-20', '<p>TEst</p>', '<p>TEst requirement</p>', 'ridwan.metallica@gmail.com', 0, '2025-09-20 07:11:57', '2025-09-21 06:26:34', NULL, NULL, NULL, NULL),
	(55, 'A10', 1, 1, 3, 1, 2, 12, 'Tahun', '2025-09-20', '<p>TEst</p>', '<p>TEst requirement</p>', 'ridwan.metallica@gmail.com', 0, '2025-09-20 07:11:57', '2025-09-21 06:26:34', NULL, NULL, NULL, NULL),
	(56, 'A11', 1, 1, 3, 1, 2, 12, 'Tahun', '2025-09-20', '<p>TEst</p>', '<p>TEst requirement</p>', 'ridwan.metallica@gmail.com', 0, '2025-09-20 07:11:57', '2025-09-21 06:26:34', NULL, NULL, NULL, NULL),
	(57, 'A1', 1, 1, 3, 1, 2, 12, 'Tahun', '2025-09-20', '<p>TEst</p>', '<p>TEst requirement</p>', 'ridwan.metallica@gmail.com', 0, '2025-09-20 07:11:57', '2025-09-21 06:26:34', NULL, NULL, NULL, NULL),
	(58, 'A2', 1, 1, 3, 1, 2, 12, 'Tahun', '2025-09-20', '<p>TEst</p>', '<p>TEst requirement</p>', 'ridwan.metallica@gmail.com', 0, '2025-09-20 07:11:57', '2025-09-21 06:26:34', NULL, NULL, NULL, NULL),
	(59, 'A3', 1, 1, 3, 1, 2, 12, 'Tahun', '2025-09-20', '<p>TEst</p>', '<p>TEst requirement</p>', 'ridwan.metallica@gmail.com', 0, '2025-09-20 07:11:57', '2025-09-21 06:26:34', NULL, NULL, NULL, NULL),
	(60, 'A4', 1, 1, 3, 1, 2, 12, 'Tahun', '2025-09-20', '<p>TEst</p>', '<p>TEst requirement</p>', 'ridwan.metallica@gmail.com', 0, '2025-09-20 07:11:57', '2025-09-21 06:26:34', NULL, NULL, NULL, NULL),
	(61, 'A5', 1, 1, 3, 1, 2, 12, 'Tahun', '2025-09-20', '<p>TEst</p>', '<p>TEst requirement</p>', 'ridwan.metallica@gmail.com', 0, '2025-09-20 07:11:57', '2025-09-21 06:26:34', NULL, NULL, NULL, NULL),
	(62, 'A6', 1, 1, 3, 1, 2, 12, 'Tahun', '2025-09-20', '<p>TEst</p>', '<p>TEst requirement</p>', 'ridwan.metallica@gmail.com', 0, '2025-09-20 07:11:57', '2025-09-21 06:26:34', NULL, NULL, NULL, NULL),
	(63, 'A7', 1, 1, 3, 1, 2, 12, 'Tahun', '2025-09-20', '<p>TEst</p>', '<p>TEst requirement</p>', 'ridwan.metallica@gmail.com', 0, '2025-09-20 07:11:57', '2025-09-21 06:26:34', NULL, NULL, NULL, NULL),
	(64, 'A8', 1, 1, 3, 1, 2, 12, 'Tahun', '2025-09-20', '<p>TEst</p>', '<p>TEst requirement</p>', 'ridwan.metallica@gmail.com', 0, '2025-09-20 07:11:57', '2025-09-21 06:26:34', NULL, NULL, NULL, NULL),
	(65, 'A9', 1, 1, 3, 1, 2, 12, 'Tahun', '2025-09-20', '<p>TEst</p>', '<p>TEst requirement</p>', 'ridwan.metallica@gmail.com', 0, '2025-09-20 07:11:57', '2025-09-21 06:26:34', NULL, NULL, NULL, NULL),
	(66, 'A10', 1, 1, 3, 1, 2, 12, 'Tahun', '2025-09-20', '<p>TEst</p>', '<p>TEst requirement</p>', 'ridwan.metallica@gmail.com', 0, '2025-09-20 07:11:57', '2025-09-21 06:26:34', NULL, NULL, NULL, NULL),
	(67, 'A11', 1, 1, 3, 1, 2, 12, 'Tahun', '2025-09-20', '<p>TEst</p>', '<p>TEst requirement</p>', 'ridwan.metallica@gmail.com', 0, '2025-09-20 07:11:57', '2025-09-21 06:26:34', NULL, NULL, NULL, NULL),
	(68, 'A1', 1, 1, 3, 1, 2, 12, 'Tahun', '2025-09-20', '<p>TEst</p>', '<p>TEst requirement</p>', 'ridwan.metallica@gmail.com', 0, '2025-09-20 07:11:57', '2025-09-21 06:26:34', NULL, NULL, NULL, NULL),
	(69, 'A2', 1, 1, 3, 1, 2, 12, 'Tahun', '2025-09-20', '<p>TEst</p>', '<p>TEst requirement</p>', 'ridwan.metallica@gmail.com', 0, '2025-09-20 07:11:57', '2025-09-21 06:26:34', NULL, NULL, NULL, NULL),
	(70, 'A3', 1, 1, 3, 1, 2, 12, 'Tahun', '2025-09-20', '<p>TEst</p>', '<p>TEst requirement</p>', 'ridwan.metallica@gmail.com', 0, '2025-09-20 07:11:57', '2025-09-21 06:26:34', NULL, NULL, NULL, NULL),
	(71, 'A4', 1, 1, 3, 1, 2, 12, 'Tahun', '2025-09-20', '<p>TEst</p>', '<p>TEst requirement</p>', 'ridwan.metallica@gmail.com', 0, '2025-09-20 07:11:57', '2025-09-21 06:26:34', NULL, NULL, NULL, NULL),
	(72, 'A5', 1, 1, 3, 1, 2, 12, 'Tahun', '2025-09-20', '<p>TEst</p>', '<p>TEst requirement</p>', 'ridwan.metallica@gmail.com', 0, '2025-09-20 07:11:57', '2025-09-21 06:26:34', NULL, NULL, NULL, NULL),
	(73, 'A6', 1, 1, 3, 1, 2, 12, 'Tahun', '2025-09-20', '<p>TEst</p>', '<p>TEst requirement</p>', 'ridwan.metallica@gmail.com', 0, '2025-09-20 07:11:57', '2025-09-21 06:26:34', NULL, NULL, NULL, NULL),
	(74, 'A7', 1, 1, 3, 1, 2, 12, 'Tahun', '2025-09-20', '<p>TEst</p>', '<p>TEst requirement</p>', 'ridwan.metallica@gmail.com', 0, '2025-09-20 07:11:57', '2025-09-21 06:26:34', NULL, NULL, NULL, NULL),
	(75, 'A8', 1, 1, 3, 1, 2, 12, 'Tahun', '2025-09-20', '<p>TEst</p>', '<p>TEst requirement</p>', 'ridwan.metallica@gmail.com', 0, '2025-09-20 07:11:57', '2025-09-21 06:26:34', NULL, NULL, NULL, NULL),
	(76, 'A9', 1, 1, 3, 1, 2, 12, 'Tahun', '2025-09-20', '<p>TEst</p>', '<p>TEst requirement</p>', 'ridwan.metallica@gmail.com', 0, '2025-09-20 07:11:57', '2025-09-21 06:26:34', NULL, NULL, NULL, NULL),
	(77, 'A10', 1, 1, 3, 1, 2, 12, 'Tahun', '2025-09-20', '<p>TEst</p>', '<p>TEst requirement</p>', 'ridwan.metallica@gmail.com', 0, '2025-09-20 07:11:57', '2025-09-21 06:26:34', NULL, NULL, NULL, NULL),
	(78, 'A11', 1, 1, 3, 1, 2, 12, 'Tahun', '2025-09-20', '<p>TEst</p>', '<p>TEst requirement</p>', 'ridwan.metallica@gmail.com', 0, '2025-09-20 07:11:57', '2025-09-21 06:26:34', NULL, NULL, NULL, NULL),
	(79, 'A1', 1, 1, 3, 1, 2, 12, 'Tahun', '2025-09-20', '<p>TEst</p>', '<p>TEst requirement</p>', 'ridwan.metallica@gmail.com', 0, '2025-09-20 07:11:57', '2025-09-21 06:26:34', NULL, NULL, NULL, NULL),
	(80, 'A2', 1, 1, 3, 1, 2, 12, 'Tahun', '2025-09-20', '<p>TEst</p>', '<p>TEst requirement</p>', 'ridwan.metallica@gmail.com', 0, '2025-09-20 07:11:57', '2025-09-21 06:26:34', NULL, NULL, NULL, NULL),
	(81, 'A3', 1, 1, 3, 1, 2, 12, 'Tahun', '2025-09-20', '<p>TEst</p>', '<p>TEst requirement</p>', 'ridwan.metallica@gmail.com', 0, '2025-09-20 07:11:57', '2025-09-21 06:26:34', NULL, NULL, NULL, NULL),
	(82, 'A4', 1, 1, 3, 1, 2, 12, 'Tahun', '2025-09-20', '<p>TEst</p>', '<p>TEst requirement</p>', 'ridwan.metallica@gmail.com', 0, '2025-09-20 07:11:57', '2025-09-21 06:26:34', NULL, NULL, NULL, NULL),
	(83, 'A5', 1, 1, 3, 1, 2, 12, 'Tahun', '2025-09-20', '<p>TEst</p>', '<p>TEst requirement</p>', 'ridwan.metallica@gmail.com', 0, '2025-09-20 07:11:57', '2025-09-21 06:26:34', NULL, NULL, NULL, NULL),
	(84, 'A6', 1, 1, 3, 1, 2, 12, 'Tahun', '2025-09-20', '<p>TEst</p>', '<p>TEst requirement</p>', 'ridwan.metallica@gmail.com', 0, '2025-09-20 07:11:57', '2025-09-21 06:26:34', NULL, NULL, NULL, NULL),
	(85, 'A7', 1, 1, 3, 1, 2, 12, 'Tahun', '2025-09-20', '<p>TEst</p>', '<p>TEst requirement</p>', 'ridwan.metallica@gmail.com', 0, '2025-09-20 07:11:57', '2025-09-21 06:26:34', NULL, NULL, NULL, NULL),
	(86, 'A8', 1, 1, 3, 1, 2, 12, 'Tahun', '2025-09-20', '<p>TEst</p>', '<p>TEst requirement</p>', 'ridwan.metallica@gmail.com', 0, '2025-09-20 07:11:57', '2025-09-21 06:26:34', NULL, NULL, NULL, NULL),
	(87, 'A9', 1, 1, 3, 1, 2, 12, 'Tahun', '2025-09-20', '<p>TEst</p>', '<p>TEst requirement</p>', 'ridwan.metallica@gmail.com', 0, '2025-09-20 07:11:57', '2025-09-21 06:26:34', NULL, NULL, NULL, NULL),
	(88, 'A10', 1, 1, 3, 1, 2, 12, 'Tahun', '2025-09-20', '<p>TEst</p>', '<p>TEst requirement</p>', 'ridwan.metallica@gmail.com', 0, '2025-09-20 07:11:57', '2025-09-21 06:26:34', NULL, NULL, NULL, NULL),
	(89, 'A11', 1, 1, 3, 1, 2, 12, 'Tahun', '2025-09-20', '<p>TEst</p>', '<p>TEst requirement</p>', 'ridwan.metallica@gmail.com', 0, '2025-09-20 07:11:57', '2025-09-21 06:26:34', NULL, NULL, NULL, NULL),
	(90, 'A1', 1, 1, 3, 1, 2, 12, 'Tahun', '2025-09-20', '<p>TEst</p>', '<p>TEst requirement</p>', 'ridwan.metallica@gmail.com', 0, '2025-09-20 07:11:57', '2025-09-21 06:26:34', NULL, NULL, NULL, NULL),
	(91, 'A2', 1, 1, 3, 1, 2, 12, 'Tahun', '2025-09-20', '<p>TEst</p>', '<p>TEst requirement</p>', 'ridwan.metallica@gmail.com', 0, '2025-09-20 07:11:57', '2025-09-21 06:26:34', NULL, NULL, NULL, NULL),
	(92, 'A3', 1, 1, 3, 1, 2, 12, 'Tahun', '2025-09-20', '<p>TEst</p>', '<p>TEst requirement</p>', 'ridwan.metallica@gmail.com', 0, '2025-09-20 07:11:57', '2025-09-21 06:26:34', NULL, NULL, NULL, NULL),
	(93, 'A4', 1, 1, 3, 1, 2, 12, 'Tahun', '2025-09-20', '<p>TEst</p>', '<p>TEst requirement</p>', 'ridwan.metallica@gmail.com', 0, '2025-09-20 07:11:57', '2025-09-21 06:26:34', NULL, NULL, NULL, NULL),
	(94, 'A5', 1, 1, 3, 1, 2, 12, 'Tahun', '2025-09-20', '<p>TEst</p>', '<p>TEst requirement</p>', 'ridwan.metallica@gmail.com', 0, '2025-09-20 07:11:57', '2025-09-21 06:26:34', NULL, NULL, NULL, NULL),
	(95, 'A6', 1, 1, 3, 1, 2, 12, 'Tahun', '2025-09-20', '<p>TEst</p>', '<p>TEst requirement</p>', 'ridwan.metallica@gmail.com', 0, '2025-09-20 07:11:57', '2025-09-21 06:26:34', NULL, NULL, NULL, NULL),
	(96, 'A7', 1, 1, 3, 1, 2, 12, 'Tahun', '2025-09-20', '<p>TEst</p>', '<p>TEst requirement</p>', 'ridwan.metallica@gmail.com', 0, '2025-09-20 07:11:57', '2025-09-21 06:26:34', NULL, NULL, NULL, NULL),
	(97, 'A8', 1, 1, 3, 1, 2, 12, 'Tahun', '2025-09-20', '<p>TEst</p>', '<p>TEst requirement</p>', 'ridwan.metallica@gmail.com', 0, '2025-09-20 07:11:57', '2025-09-21 06:26:34', NULL, NULL, NULL, NULL),
	(98, 'A9', 1, 1, 3, 1, 2, 12, 'Tahun', '2025-09-20', '<p>TEst</p>', '<p>TEst requirement</p>', 'ridwan.metallica@gmail.com', 0, '2025-09-20 07:11:57', '2025-09-21 06:26:34', NULL, NULL, NULL, NULL),
	(99, 'A10', 1, 1, 3, 1, 2, 12, 'Tahun', '2025-09-20', '<p>TEst</p>', '<p>TEst requirement</p>', 'ridwan.metallica@gmail.com', 0, '2025-09-20 07:11:57', '2025-09-21 06:26:34', NULL, NULL, NULL, NULL),
	(100, 'A11', 1, 1, 3, 1, 2, 12, 'Tahun', '2025-09-20', '<p>TEst</p>', '<p>TEst requirement</p>', 'ridwan.metallica@gmail.com', 0, '2025-09-20 07:11:57', '2025-09-21 06:26:34', NULL, NULL, NULL, NULL),
	(101, 'A1', 1, 1, 3, 1, 2, 12, 'Tahun', '2025-09-20', '<p>TEst</p>', '<p>TEst requirement</p>', 'ridwan.metallica@gmail.com', 0, '2025-09-20 07:11:57', '2025-09-21 06:26:34', NULL, NULL, NULL, NULL),
	(102, 'A2', 1, 1, 3, 1, 2, 12, 'Tahun', '2025-09-20', '<p>TEst</p>', '<p>TEst requirement</p>', 'ridwan.metallica@gmail.com', 0, '2025-09-20 07:11:57', '2025-09-21 06:26:34', NULL, NULL, NULL, NULL),
	(103, 'A3', 1, 1, 3, 1, 2, 12, 'Tahun', '2025-09-20', '<p>TEst</p>', '<p>TEst requirement</p>', 'ridwan.metallica@gmail.com', 0, '2025-09-20 07:11:57', '2025-09-21 06:26:34', NULL, NULL, NULL, NULL),
	(104, 'A4', 1, 1, 3, 1, 2, 12, 'Tahun', '2025-09-20', '<p>TEst</p>', '<p>TEst requirement</p>', 'ridwan.metallica@gmail.com', 0, '2025-09-20 07:11:57', '2025-09-21 06:26:34', NULL, NULL, NULL, NULL),
	(105, 'A5', 1, 1, 3, 1, 2, 12, 'Tahun', '2025-09-20', '<p>TEst</p>', '<p>TEst requirement</p>', 'ridwan.metallica@gmail.com', 0, '2025-09-20 07:11:57', '2025-09-21 06:26:34', NULL, NULL, NULL, NULL),
	(106, 'A6', 1, 1, 3, 1, 2, 12, 'Tahun', '2025-09-20', '<p>TEst</p>', '<p>TEst requirement</p>', 'ridwan.metallica@gmail.com', 0, '2025-09-20 07:11:57', '2025-09-21 06:26:34', NULL, NULL, NULL, NULL),
	(107, 'A7', 1, 1, 3, 1, 2, 12, 'Tahun', '2025-09-20', '<p>TEst</p>', '<p>TEst requirement</p>', 'ridwan.metallica@gmail.com', 0, '2025-09-20 07:11:57', '2025-09-21 06:26:34', NULL, NULL, NULL, NULL),
	(108, 'A8', 1, 1, 3, 1, 2, 12, 'Tahun', '2025-09-20', '<p>TEst</p>', '<p>TEst requirement</p>', 'ridwan.metallica@gmail.com', 0, '2025-09-20 07:11:57', '2025-09-21 06:26:34', NULL, NULL, NULL, NULL),
	(109, 'A9', 1, 1, 3, 1, 2, 12, 'Tahun', '2025-09-20', '<p>TEst</p>', '<p>TEst requirement</p>', 'ridwan.metallica@gmail.com', 0, '2025-09-20 07:11:57', '2025-09-21 06:26:34', NULL, NULL, NULL, NULL),
	(110, 'A10', 1, 1, 3, 1, 2, 12, 'Tahun', '2025-09-20', '<p>TEst</p>', '<p>TEst requirement</p>', 'ridwan.metallica@gmail.com', 0, '2025-09-20 07:11:57', '2025-09-21 06:26:34', NULL, NULL, NULL, NULL),
	(111, 'A11', 1, 1, 3, 1, 2, 12, 'Tahun', '2025-09-20', '<p>TEst</p>', '<p>TEst requirement</p>', 'ridwan.metallica@gmail.com', 0, '2025-09-20 07:11:57', '2025-09-21 06:26:34', NULL, NULL, NULL, NULL),
	(112, 'A1', 1, 1, 3, 1, 2, 12, 'Tahun', '2025-09-20', '<p>TEst</p>', '<p>TEst requirement</p>', 'ridwan.metallica@gmail.com', 0, '2025-09-20 07:11:57', '2025-09-21 06:26:34', NULL, NULL, NULL, NULL),
	(113, 'A2', 1, 1, 3, 1, 2, 12, 'Tahun', '2025-09-20', '<p>TEst</p>', '<p>TEst requirement</p>', 'ridwan.metallica@gmail.com', 0, '2025-09-20 07:11:57', '2025-09-21 06:26:34', NULL, NULL, NULL, NULL),
	(114, 'A3', 1, 1, 3, 1, 2, 12, 'Tahun', '2025-09-20', '<p>TEst</p>', '<p>TEst requirement</p>', 'ridwan.metallica@gmail.com', 0, '2025-09-20 07:11:57', '2025-09-21 06:26:34', NULL, NULL, NULL, NULL),
	(115, 'A4', 1, 1, 3, 1, 2, 12, 'Tahun', '2025-09-20', '<p>TEst</p>', '<p>TEst requirement</p>', 'ridwan.metallica@gmail.com', 0, '2025-09-20 07:11:57', '2025-09-21 06:26:34', NULL, NULL, NULL, NULL),
	(116, 'A5', 1, 1, 3, 1, 2, 12, 'Tahun', '2025-09-20', '<p>TEst</p>', '<p>TEst requirement</p>', 'ridwan.metallica@gmail.com', 0, '2025-09-20 07:11:57', '2025-09-21 06:26:34', NULL, NULL, NULL, NULL),
	(117, 'A6', 1, 1, 3, 1, 2, 12, 'Tahun', '2025-09-20', '<p>TEst</p>', '<p>TEst requirement</p>', 'ridwan.metallica@gmail.com', 0, '2025-09-20 07:11:57', '2025-09-21 06:26:34', NULL, NULL, NULL, NULL),
	(118, 'A7', 1, 1, 3, 1, 2, 12, 'Tahun', '2025-09-20', '<p>TEst</p>', '<p>TEst requirement</p>', 'ridwan.metallica@gmail.com', 0, '2025-09-20 07:11:57', '2025-09-21 06:26:34', NULL, NULL, NULL, NULL),
	(119, 'A8', 1, 1, 3, 1, 2, 12, 'Tahun', '2025-09-20', '<p>TEst</p>', '<p>TEst requirement</p>', 'ridwan.metallica@gmail.com', 0, '2025-09-20 07:11:57', '2025-09-21 06:26:34', NULL, NULL, NULL, NULL),
	(120, 'A9', 1, 1, 3, 1, 2, 12, 'Tahun', '2025-09-20', '<p>TEst</p>', '<p>TEst requirement</p>', 'ridwan.metallica@gmail.com', 0, '2025-09-20 07:11:57', '2025-09-21 06:26:34', NULL, NULL, NULL, NULL),
	(121, 'A10', 1, 1, 3, 1, 2, 12, 'Tahun', '2025-09-20', '<p>TEst</p>', '<p>TEst requirement</p>', 'ridwan.metallica@gmail.com', 0, '2025-09-20 07:11:57', '2025-09-21 06:26:34', NULL, NULL, NULL, NULL),
	(122, 'A11', 1, 1, 3, 1, 2, 12, 'Tahun', '2025-09-20', '<p>TEst</p>', '<p>TEst requirement</p>', 'ridwan.metallica@gmail.com', 0, '2025-09-20 07:11:57', '2025-09-21 06:26:34', NULL, NULL, NULL, NULL),
	(123, 'A1', 1, 1, 3, 1, 2, 12, 'Tahun', '2025-09-20', '<p>TEst</p>', '<p>TEst requirement</p>', 'ridwan.metallica@gmail.com', 0, '2025-09-20 07:11:57', '2025-09-21 06:26:34', NULL, NULL, NULL, NULL),
	(124, 'A2', 1, 1, 3, 1, 2, 12, 'Tahun', '2025-09-20', '<p>TEst</p>', '<p>TEst requirement</p>', 'ridwan.metallica@gmail.com', 0, '2025-09-20 07:11:57', '2025-09-21 06:26:34', NULL, NULL, NULL, NULL),
	(125, 'A3', 1, 1, 3, 1, 2, 12, 'Tahun', '2025-09-20', '<p>TEst</p>', '<p>TEst requirement</p>', 'ridwan.metallica@gmail.com', 0, '2025-09-20 07:11:57', '2025-09-21 06:26:34', NULL, NULL, NULL, NULL),
	(126, 'A4', 1, 1, 3, 1, 2, 12, 'Tahun', '2025-09-20', '<p>TEst</p>', '<p>TEst requirement</p>', 'ridwan.metallica@gmail.com', 0, '2025-09-20 07:11:57', '2025-09-21 06:26:34', NULL, NULL, NULL, NULL),
	(127, 'A5', 1, 1, 3, 1, 2, 12, 'Tahun', '2025-09-20', '<p>TEst</p>', '<p>TEst requirement</p>', 'ridwan.metallica@gmail.com', 0, '2025-09-20 07:11:57', '2025-09-21 06:26:34', NULL, NULL, NULL, NULL),
	(128, 'A6', 1, 1, 3, 1, 2, 12, 'Tahun', '2025-09-20', '<p>TEst</p>', '<p>TEst requirement</p>', 'ridwan.metallica@gmail.com', 0, '2025-09-20 07:11:57', '2025-09-21 06:26:34', NULL, NULL, NULL, NULL),
	(129, 'A7', 1, 1, 3, 1, 2, 12, 'Tahun', '2025-09-20', '<p>TEst</p>', '<p>TEst requirement</p>', 'ridwan.metallica@gmail.com', 0, '2025-09-20 07:11:57', '2025-09-21 06:26:34', NULL, NULL, NULL, NULL),
	(130, 'A8', 1, 1, 3, 1, 2, 12, 'Tahun', '2025-09-20', '<p>TEst</p>', '<p>TEst requirement</p>', 'ridwan.metallica@gmail.com', 0, '2025-09-20 07:11:57', '2025-09-21 06:26:34', NULL, NULL, NULL, NULL),
	(131, 'A9', 1, 1, 3, 1, 2, 12, 'Tahun', '2025-09-20', '<p>TEst</p>', '<p>TEst requirement</p>', 'ridwan.metallica@gmail.com', 0, '2025-09-20 07:11:57', '2025-09-21 06:26:34', NULL, NULL, NULL, NULL),
	(132, 'A10', 1, 1, 3, 1, 2, 12, 'Tahun', '2025-09-20', '<p>TEst</p>', '<p>TEst requirement</p>', 'ridwan.metallica@gmail.com', 0, '2025-09-20 07:11:57', '2025-09-21 06:26:34', NULL, NULL, NULL, NULL),
	(133, 'A11', 1, 1, 3, 1, 2, 12, 'Tahun', '2025-09-20', '<p>TEst</p>', '<p>TEst requirement</p>', 'ridwan.metallica@gmail.com', 0, '2025-09-20 07:11:57', '2025-09-21 06:26:34', NULL, NULL, NULL, NULL),
	(134, 'A1', 1, 1, 3, 1, 2, 12, 'Tahun', '2025-09-20', '<p>TEst</p>', '<p>TEst requirement</p>', 'ridwan.metallica@gmail.com', 0, '2025-09-20 07:11:57', '2025-09-21 06:26:34', NULL, NULL, NULL, NULL),
	(135, 'A2', 1, 1, 3, 1, 2, 12, 'Tahun', '2025-09-20', '<p>TEst</p>', '<p>TEst requirement</p>', 'ridwan.metallica@gmail.com', 0, '2025-09-20 07:11:57', '2025-09-21 06:26:34', NULL, NULL, NULL, NULL),
	(136, 'A3', 1, 1, 3, 1, 2, 12, 'Tahun', '2025-09-20', '<p>TEst</p>', '<p>TEst requirement</p>', 'ridwan.metallica@gmail.com', 0, '2025-09-20 07:11:57', '2025-09-21 06:26:34', NULL, NULL, NULL, NULL),
	(137, 'A4', 1, 1, 3, 1, 2, 12, 'Tahun', '2025-09-20', '<p>TEst</p>', '<p>TEst requirement</p>', 'ridwan.metallica@gmail.com', 0, '2025-09-20 07:11:57', '2025-09-21 06:26:34', NULL, NULL, NULL, NULL),
	(138, 'A5', 1, 1, 3, 1, 2, 12, 'Tahun', '2025-09-20', '<p>TEst</p>', '<p>TEst requirement</p>', 'ridwan.metallica@gmail.com', 0, '2025-09-20 07:11:57', '2025-09-21 06:26:34', NULL, NULL, NULL, NULL),
	(139, 'A6', 1, 1, 3, 1, 2, 12, 'Tahun', '2025-09-20', '<p>TEst</p>', '<p>TEst requirement</p>', 'ridwan.metallica@gmail.com', 0, '2025-09-20 07:11:57', '2025-09-21 06:26:34', NULL, NULL, NULL, NULL),
	(140, 'A7', 1, 1, 3, 1, 2, 12, 'Tahun', '2025-09-20', '<p>TEst</p>', '<p>TEst requirement</p>', 'ridwan.metallica@gmail.com', 0, '2025-09-20 07:11:57', '2025-09-21 06:26:34', NULL, NULL, NULL, NULL),
	(141, 'A8', 1, 1, 3, 1, 2, 12, 'Tahun', '2025-09-20', '<p>TEst</p>', '<p>TEst requirement</p>', 'ridwan.metallica@gmail.com', 0, '2025-09-20 07:11:57', '2025-09-21 06:26:34', NULL, NULL, NULL, NULL),
	(142, 'A9', 1, 1, 3, 1, 2, 12, 'Tahun', '2025-09-20', '<p>TEst</p>', '<p>TEst requirement</p>', 'ridwan.metallica@gmail.com', 0, '2025-09-20 07:11:57', '2025-09-21 06:26:34', NULL, NULL, NULL, NULL),
	(143, 'A10', 1, 1, 3, 1, 2, 12, 'Tahun', '2025-09-20', '<p>TEst</p>', '<p>TEst requirement</p>', 'ridwan.metallica@gmail.com', 0, '2025-09-20 07:11:57', '2025-09-21 06:26:34', NULL, NULL, NULL, NULL),
	(144, 'A11', 1, 1, 3, 1, 2, 12, 'Tahun', '2025-09-20', '<p>TEst</p>', '<p>TEst requirement</p>', 'ridwan.metallica@gmail.com', 0, '2025-09-20 07:11:57', '2025-09-21 06:26:34', NULL, NULL, NULL, NULL),
	(145, 'A1', 1, 1, 3, 1, 2, 12, 'Tahun', '2025-09-20', '<p>TEst</p>', '<p>TEst requirement</p>', 'ridwan.metallica@gmail.com', 0, '2025-09-20 07:11:57', '2025-09-21 06:26:34', NULL, NULL, NULL, NULL),
	(146, 'A2', 1, 1, 3, 1, 2, 12, 'Tahun', '2025-09-20', '<p>TEst</p>', '<p>TEst requirement</p>', 'ridwan.metallica@gmail.com', 0, '2025-09-20 07:11:57', '2025-09-21 06:26:34', NULL, NULL, NULL, NULL),
	(147, 'A3', 1, 1, 3, 1, 2, 12, 'Tahun', '2025-09-20', '<p>TEst</p>', '<p>TEst requirement</p>', 'ridwan.metallica@gmail.com', 0, '2025-09-20 07:11:57', '2025-09-21 06:26:34', NULL, NULL, NULL, NULL),
	(148, 'A4', 1, 1, 3, 1, 2, 12, 'Tahun', '2025-09-20', '<p>TEst</p>', '<p>TEst requirement</p>', 'ridwan.metallica@gmail.com', 0, '2025-09-20 07:11:57', '2025-09-21 06:26:34', NULL, NULL, NULL, NULL),
	(149, 'A5', 1, 1, 3, 1, 2, 12, 'Tahun', '2025-09-20', '<p>TEst</p>', '<p>TEst requirement</p>', 'ridwan.metallica@gmail.com', 0, '2025-09-20 07:11:57', '2025-09-21 06:26:34', NULL, NULL, NULL, NULL),
	(150, 'A6', 1, 1, 3, 1, 2, 12, 'Tahun', '2025-09-20', '<p>TEst</p>', '<p>TEst requirement</p>', 'ridwan.metallica@gmail.com', 0, '2025-09-20 07:11:57', '2025-09-21 06:26:34', NULL, NULL, NULL, NULL),
	(151, 'A7', 1, 1, 3, 1, 2, 12, 'Tahun', '2025-09-20', '<p>TEst</p>', '<p>TEst requirement</p>', 'ridwan.metallica@gmail.com', 0, '2025-09-20 07:11:57', '2025-09-21 06:26:34', NULL, NULL, NULL, NULL),
	(152, 'A8', 1, 1, 3, 1, 2, 12, 'Tahun', '2025-09-20', '<p>TEst</p>', '<p>TEst requirement</p>', 'ridwan.metallica@gmail.com', 0, '2025-09-20 07:11:57', '2025-09-21 06:26:34', NULL, NULL, NULL, NULL),
	(153, 'A9', 1, 1, 3, 1, 2, 12, 'Tahun', '2025-09-20', '<p>TEst</p>', '<p>TEst requirement</p>', 'ridwan.metallica@gmail.com', 0, '2025-09-20 07:11:57', '2025-09-21 06:26:34', NULL, NULL, NULL, NULL),
	(154, 'A10', 1, 1, 3, 1, 2, 12, 'Tahun', '2025-09-20', '<p>TEst</p>', '<p>TEst requirement</p>', 'ridwan.metallica@gmail.com', 0, '2025-09-20 07:11:57', '2025-09-21 06:26:34', NULL, NULL, NULL, NULL),
	(155, 'A11', 1, 1, 3, 1, 2, 12, 'Tahun', '2025-09-20', '<p>TEst</p>', '<p>TEst requirement</p>', 'ridwan.metallica@gmail.com', 0, '2025-09-20 07:11:57', '2025-09-21 06:26:34', NULL, NULL, NULL, NULL),
	(156, 'Operator', 1, 107, 0, 30, 20, 1, 'Tahun', '2025-09-26', '<ul>\r\n<li>Mengembangkan dan mengimplementasikan rencana strategis logistik untuk mengoptimalkan operasional dan mencapai tujuan bisnis.</li>\r\n<li>Mengawasi seluruh aspek operasional logistik.</li>\r\n<li>Mengelola dan mengoptimalkan proses logistik guna memastikan efisiensi dan efektivitas biaya.</li>\r\n<li>Merencanakan dan mengelola rute serta jadwal transportasi.</li>\r\n<li>Memilih dan mengelola penyedia transportasi (berbasis aset atau non-aset).</li>\r\n<li>Mengoptimalkan biaya transportasi dan memastikan pengiriman tepat waktu.</li>\r\n<li>Mengembangkan dan memantau indikator kinerja utama (KPI) untuk mengukur kinerja operasional.</li>\r\n<li>Menyiapkan dan menyajikan laporan rutin mengenai kinerja logistik.</li>\r\n<li>Memastikan kepatuhan terhadap semua regulasi transportasi dan standar keselamatan yang berlaku.</li>\r\n</ul>', '<ul>\r\n<li>Pendidikan minimal Sarjana (S1) dari segala jurusan.</li>\r\n<li>Minimal pengalaman kerja 8 - 10 tahun.</li>\r\n<li>Pengalaman kerja di industri serupa (preferably logistik).</li>\r\n<li>Memiliki pemahaman yang baik mengenai konsep dan implementasi&nbsp;3PL (Third Party Logistics)&nbsp;dan sistem&nbsp;Milkrun&nbsp;dalam proses distribusi dan logistik.</li>\r\n<li>Memiliki pemahaman mendalam tentang proses, model, dan strategi logistik serta rantai pasok secara menyeluruh.</li>\r\n<li>Memiliki motivasi tinggi dan keberanian dalam mengambil keputusan.</li>\r\n<li>Memiliki keterampilan analitis yang kuat untuk menginterpretasikan data logistik dan mengidentifikasi tren.</li>\r\n<li>Memiliki pengetahuan tentang regulasi transportasi dan standar keselamatan yang relevan.</li>\r\n<li>Berpengalaman dalam merencanakan, mengeksekusi, dan memonitor operasional logistik.</li>\r\n<li>Terampil dalam menggunakan Microsoft PowerPoint dan Excel.</li>\r\n<li>Memiliki keterampilan interpersonal yang luar biasa serta jiwa kepemimpinan yang kuat.</li>\r\n<li>Fasih dalam bahasa Inggris, baik secara lisan maupun tulisan, menjadi nilai tambah.</li>\r\n</ul>', 'ridwan.metallica@gmail.com', 0, '2025-09-24 17:50:08', '2025-09-24 17:50:08', NULL, NULL, NULL, NULL),
	(157, 'Operator', 1, 107, 0, 30, 20, 12, 'Tahun', '2025-09-30', '<ul>\r\n<li>Pendidikan minimal Sarjana (S1) dari segala jurusan.</li>\r\n<li>Minimal pengalaman kerja 8 - 10 tahun.</li>\r\n<li>Pengalaman kerja di industri serupa (preferably logistik).</li>\r\n<li>Memiliki pemahaman yang baik mengenai konsep dan implementasi&nbsp;3PL (Third Party Logistics)&nbsp;dan sistem&nbsp;Milkrun&nbsp;dalam proses distribusi dan logistik.</li>\r\n<li>Memiliki pemahaman mendalam tentang proses, model, dan strategi logistik serta rantai pasok secara menyeluruh.</li>\r\n<li>Memiliki motivasi tinggi dan keberanian dalam mengambil keputusan.</li>\r\n<li>Memiliki keterampilan analitis yang kuat untuk menginterpretasikan data logistik dan mengidentifikasi tren.</li>\r\n<li>Memiliki pengetahuan tentang regulasi transportasi dan standar keselamatan yang relevan.</li>\r\n<li>Berpengalaman dalam merencanakan, mengeksekusi, dan memonitor operasional logistik.</li>\r\n<li>Terampil dalam menggunakan Microsoft PowerPoint dan Excel.</li>\r\n<li>Memiliki keterampilan interpersonal yang luar biasa serta jiwa kepemimpinan yang kuat.</li>\r\n<li>Fasih dalam bahasa Inggris, baik secara lisan maupun tulisan, menjadi nilai tambah.</li>\r\n</ul>', '<ul>\r\n<li>Pendidikan minimal Sarjana (S1) dari segala jurusan.</li>\r\n<li>Minimal pengalaman kerja 8 - 10 tahun.</li>\r\n<li>Pengalaman kerja di industri serupa (preferably logistik).</li>\r\n<li>Memiliki pemahaman yang baik mengenai konsep dan implementasi&nbsp;3PL (Third Party Logistics)&nbsp;dan sistem&nbsp;Milkrun&nbsp;dalam proses distribusi dan logistik.</li>\r\n<li>Memiliki pemahaman mendalam tentang proses, model, dan strategi logistik serta rantai pasok secara menyeluruh.</li>\r\n<li>Memiliki motivasi tinggi dan keberanian dalam mengambil keputusan.</li>\r\n<li>Memiliki keterampilan analitis yang kuat untuk menginterpretasikan data logistik dan mengidentifikasi tren.</li>\r\n<li>Memiliki pengetahuan tentang regulasi transportasi dan standar keselamatan yang relevan.</li>\r\n<li>Berpengalaman dalam merencanakan, mengeksekusi, dan memonitor operasional logistik.</li>\r\n<li>Terampil dalam menggunakan Microsoft PowerPoint dan Excel.</li>\r\n<li>Memiliki keterampilan interpersonal yang luar biasa serta jiwa kepemimpinan yang kuat.</li>\r\n<li>Fasih dalam bahasa Inggris, baik secara lisan maupun tulisan, menjadi nilai tambah.</li>\r\n</ul>', 'ridwan.metallica@gmail.com', 1, '2025-09-24 17:51:29', '2025-09-25 00:56:24', NULL, NULL, 2, NULL),
	(158, 'Test Uplaod', 2, 3, 3, 1, 2, 4, 'Bulan', '2025-01-01', 'Mengembangkan dan mengimplementasikan rencana strategis logistik untuk mengoptimalkan operasional dan mencapai tujuan bisnis.\nMengawasi seluruh aspek operasional logistik.\nMengelola dan mengoptimalkan proses logistik guna memastikan efisiensi dan efektivitas biaya.\nMerencanakan dan mengelola rute serta jadwal transportasi.\nMemilih dan mengelola penyedia transportasi (berbasis aset atau non-aset).\nMengoptimalkan biaya transportasi dan memastikan pengiriman tepat waktu.\nMengembangkan dan memantau indikator kinerja utama (KPI) untuk mengukur kinerja operasional.\nMenyiapkan dan menyajikan laporan rutin mengenai kinerja logistik.\nMemastikan kepatuhan terhadap semua regulasi transportasi dan standar keselamatan yang berlaku.', 'Mengembangkan dan mengimplementasikan rencana strategis logistik untuk mengoptimalkan operasional dan mencapai tujuan bisnis.\nMengawasi seluruh aspek operasional logistik.\nMengelola dan mengoptimalkan proses logistik guna memastikan efisiensi dan efektivitas biaya.\nMerencanakan dan mengelola rute serta jadwal transportasi.\nMemilih dan mengelola penyedia transportasi (berbasis aset atau non-aset).\nMengoptimalkan biaya transportasi dan memastikan pengiriman tepat waktu.\nMengembangkan dan memantau indikator kinerja utama (KPI) untuk mengukur kinerja operasional.\nMenyiapkan dan menyajikan laporan rutin mengenai kinerja logistik.\nMemastikan kepatuhan terhadap semua regulasi transportasi dan standar keselamatan yang berlaku.', 'ridwan.metallica@gmail.com', 0, '2025-09-26 23:14:11', '2025-09-26 23:14:11', NULL, NULL, NULL, NULL),
	(159, 'Test Uplaod lagi', 2, 3, 3, 1, 2, 4, 'Bulan', '2025-01-01', '<ul><li>Mengembangkan dan mengimplementasikan rencana strategis logistik untuk mengoptimalkan operasional dan mencapai tujuan bisnis.</li><li>Mengawasi seluruh aspek operasional logistik.</li><li>Mengelola dan mengoptimalkan proses logistik guna memastikan efisiensi dan efektivitas biaya.</li><li>Merencanakan dan mengelola rute serta jadwal transportasi.</li><li>Memilih dan mengelola penyedia transportasi (berbasis aset atau non-aset).</li><li>Mengoptimalkan biaya transportasi dan memastikan pengiriman tepat waktu.</li><li>Mengembangkan dan memantau indikator kinerja utama (KPI) untuk mengukur kinerja operasional.</li><li>Menyiapkan dan menyajikan laporan rutin mengenai kinerja logistik.</li><li>Memastikan kepatuhan terhadap semua regulasi transportasi dan standar keselamatan yang berlaku.</li></ul>', '<ul><li>Mengembangkan dan mengimplementasikan rencana strategis logistik untuk mengoptimalkan operasional dan mencapai tujuan bisnis.</li><li>Mengawasi seluruh aspek operasional logistik.</li><li>Mengelola dan mengoptimalkan proses logistik guna memastikan efisiensi dan efektivitas biaya.</li><li>Merencanakan dan mengelola rute serta jadwal transportasi.</li><li>Memilih dan mengelola penyedia transportasi (berbasis aset atau non-aset).</li><li>Mengoptimalkan biaya transportasi dan memastikan pengiriman tepat waktu.</li><li>Mengembangkan dan memantau indikator kinerja utama (KPI) untuk mengukur kinerja operasional.</li><li>Menyiapkan dan menyajikan laporan rutin mengenai kinerja logistik.</li><li>Memastikan kepatuhan terhadap semua regulasi transportasi dan standar keselamatan yang berlaku.</li></ul>', 'ridwan.metallica@gmail.com', 0, '2025-09-26 23:17:44', '2025-09-26 23:17:44', NULL, NULL, NULL, NULL),
	(160, 'Test Uplaod lagi 2', 2, 4, 3, 1, 2, 4, 'Bulan', '2025-01-01', '<ul><li>Mengembangkan dan mengimplementasikan rencana strategis logistik untuk mengoptimalkan operasional dan mencapai tujuan bisnis.</li><li>Mengawasi seluruh aspek operasional logistik.</li><li>Mengelola dan mengoptimalkan proses logistik guna memastikan efisiensi dan efektivitas biaya.</li><li>Merencanakan dan mengelola rute serta jadwal transportasi.</li><li>Memilih dan mengelola penyedia transportasi (berbasis aset atau non-aset).</li><li>Mengoptimalkan biaya transportasi dan memastikan pengiriman tepat waktu.</li><li>Mengembangkan dan memantau indikator kinerja utama (KPI) untuk mengukur kinerja operasional.</li><li>Menyiapkan dan menyajikan laporan rutin mengenai kinerja logistik.</li><li>Memastikan kepatuhan terhadap semua regulasi transportasi dan standar keselamatan yang berlaku.</li></ul>', '<ul><li>Mengembangkan dan mengimplementasikan rencana strategis logistik untuk mengoptimalkan operasional dan mencapai tujuan bisnis.</li><li>Mengawasi seluruh aspek operasional logistik.</li><li>Mengelola dan mengoptimalkan proses logistik guna memastikan efisiensi dan efektivitas biaya.</li><li>Merencanakan dan mengelola rute serta jadwal transportasi.</li><li>Memilih dan mengelola penyedia transportasi (berbasis aset atau non-aset).</li><li>Mengoptimalkan biaya transportasi dan memastikan pengiriman tepat waktu.</li><li>Mengembangkan dan memantau indikator kinerja utama (KPI) untuk mengukur kinerja operasional.</li><li>Menyiapkan dan menyajikan laporan rutin mengenai kinerja logistik.</li><li>Memastikan kepatuhan terhadap semua regulasi transportasi dan standar keselamatan yang berlaku.</li></ul>', 'ridwan.metallica@gmail.com', 0, '2025-09-26 23:17:44', '2025-09-26 23:17:44', NULL, NULL, NULL, NULL);

-- Dumping structure for table career.migrations
CREATE TABLE IF NOT EXISTS `migrations` (
  `id` bigint unsigned NOT NULL AUTO_INCREMENT,
  `version` varchar(255) COLLATE utf8mb4_general_ci NOT NULL,
  `class` varchar(255) COLLATE utf8mb4_general_ci NOT NULL,
  `group` varchar(255) COLLATE utf8mb4_general_ci NOT NULL,
  `namespace` varchar(255) COLLATE utf8mb4_general_ci NOT NULL,
  `time` int NOT NULL,
  `batch` int unsigned NOT NULL,
  PRIMARY KEY (`id`)
) ENGINE=InnoDB AUTO_INCREMENT=3 DEFAULT CHARSET=utf8mb4 COLLATE=utf8mb4_general_ci;

-- Dumping data for table career.migrations: ~2 rows (approximately)
INSERT INTO `migrations` (`id`, `version`, `class`, `group`, `namespace`, `time`, `batch`) VALUES
	(1, '2017-11-20-223112', 'App\\Database\\Migrations\\CreateAuthTables', 'default', 'App', 1756089536, 1),
	(2, '2017-11-20-223112', 'Myth\\Auth\\Database\\Migrations\\CreateAuthTables', 'default', 'Myth\\Auth', 1756089536, 1);

-- Dumping structure for table career.purna_pmi
CREATE TABLE IF NOT EXISTS `purna_pmi` (
  `id` bigint NOT NULL AUTO_INCREMENT,
  `name` varchar(255) CHARACTER SET armscii8 COLLATE armscii8_bin NOT NULL,
  `email` varchar(255) CHARACTER SET armscii8 COLLATE armscii8_bin NOT NULL,
  `phone` varchar(20) CHARACTER SET armscii8 COLLATE armscii8_bin NOT NULL,
  `gender` varchar(50) CHARACTER SET armscii8 COLLATE armscii8_bin NOT NULL,
  `birth_of_day` date NOT NULL,
  `address` text CHARACTER SET armscii8 COLLATE armscii8_bin NOT NULL,
  `end_year` int NOT NULL DEFAULT '0',
  `education_level` varchar(50) CHARACTER SET armscii8 COLLATE armscii8_bin NOT NULL,
  `file` timestamp NOT NULL DEFAULT CURRENT_TIMESTAMP,
  `status` int NOT NULL DEFAULT '0',
  `training_type_id` int unsigned NOT NULL,
  `created_at` timestamp NOT NULL DEFAULT CURRENT_TIMESTAMP,
  `updated_at` timestamp NULL DEFAULT CURRENT_TIMESTAMP ON UPDATE CURRENT_TIMESTAMP,
  PRIMARY KEY (`id`),
  UNIQUE KEY `email` (`email`)
) ENGINE=InnoDB DEFAULT CHARSET=armscii8 COLLATE=armscii8_bin;

-- Dumping data for table career.purna_pmi: ~0 rows (approximately)

-- Dumping structure for table career.training_type
CREATE TABLE IF NOT EXISTS `training_type` (
  `id` bigint unsigned NOT NULL AUTO_INCREMENT,
  `name` varchar(255) NOT NULL,
  `status` int NOT NULL DEFAULT '0',
  `created_at` timestamp NOT NULL DEFAULT CURRENT_TIMESTAMP,
  `updated_at` timestamp NOT NULL DEFAULT CURRENT_TIMESTAMP ON UPDATE CURRENT_TIMESTAMP,
  `deleted_at` timestamp NULL DEFAULT NULL,
  `created_by` bigint unsigned DEFAULT NULL,
  `updated_by` bigint unsigned DEFAULT NULL,
  `deleted_by` bigint unsigned DEFAULT NULL,
  PRIMARY KEY (`id`),
  KEY `created_by` (`created_by`),
  KEY `updated_by` (`updated_by`)
) ENGINE=InnoDB DEFAULT CHARSET=latin1;

-- Dumping data for table career.training_type: ~2 rows (approximately)
INSERT INTO `training_type` (`id`, `name`, `status`, `created_at`, `updated_at`, `deleted_at`, `created_by`, `updated_by`, `deleted_by`) VALUES
	(0, 'Lari', 1, '2025-09-22 06:20:58', '2025-09-22 06:20:58', NULL, NULL, NULL, NULL),
	(1, 'Karate', 1, '2025-09-22 06:19:18', '2025-09-22 06:20:40', NULL, NULL, NULL, NULL);

-- Dumping structure for table career.users
CREATE TABLE IF NOT EXISTS `users` (
  `id` int unsigned NOT NULL AUTO_INCREMENT,
  `email` varchar(255) COLLATE utf8mb4_general_ci NOT NULL,
  `username` varchar(30) COLLATE utf8mb4_general_ci DEFAULT NULL,
  `password_hash` varchar(255) COLLATE utf8mb4_general_ci NOT NULL,
  `reset_hash` varchar(255) COLLATE utf8mb4_general_ci DEFAULT NULL,
  `reset_at` datetime DEFAULT NULL,
  `reset_expires` datetime DEFAULT NULL,
  `activate_hash` varchar(255) COLLATE utf8mb4_general_ci DEFAULT NULL,
  `status` varchar(255) COLLATE utf8mb4_general_ci DEFAULT NULL,
  `status_message` varchar(255) COLLATE utf8mb4_general_ci DEFAULT NULL,
  `active` tinyint(1) NOT NULL DEFAULT '0',
  `force_pass_reset` tinyint(1) NOT NULL DEFAULT '0',
  `user_type` varchar(50) CHARACTER SET utf8mb4 COLLATE utf8mb4_general_ci NOT NULL DEFAULT 'admin',
  `created_at` datetime DEFAULT NULL,
  `updated_at` datetime DEFAULT NULL,
  `deleted_at` datetime DEFAULT NULL,
  PRIMARY KEY (`id`),
  UNIQUE KEY `email` (`email`),
  UNIQUE KEY `username` (`username`)
) ENGINE=InnoDB AUTO_INCREMENT=14 DEFAULT CHARSET=utf8mb4 COLLATE=utf8mb4_general_ci;

-- Dumping data for table career.users: ~6 rows (approximately)
INSERT INTO `users` (`id`, `email`, `username`, `password_hash`, `reset_hash`, `reset_at`, `reset_expires`, `activate_hash`, `status`, `status_message`, `active`, `force_pass_reset`, `user_type`, `created_at`, `updated_at`, `deleted_at`) VALUES
	(1, 'ridwan.metallica@gmail.com', 'rardianto', '$2y$10$GinKoYFygw1k/MBHs3s4MOuzjX.ICgBOSxSXIc72y1BQReMegAuFi', NULL, NULL, NULL, '1003da5b1a396922efb9086698dd09a0', NULL, NULL, 1, 0, 'admin', '2025-08-25 03:05:40', '2025-09-25 06:22:28', NULL),
	(2, 'wan.abbleh@gmail.com', 'developer', '$2y$10$ndQgy9TpRT.CYTwluljSAue9SKPb0Qahtb8M.z5KaKc8c8P7xQGQW', NULL, NULL, NULL, '1003da5b1a396922efb9086698dd09a0', NULL, NULL, 1, 0, 'admin', '2025-09-19 11:01:51', '2025-09-19 12:13:37', NULL),
	(3, 'ridwan.creator@gmail.com', 'creator', '$2y$10$1psIvvbyMX2hnkeng4uRG.DsGK7JRn0ZWGYm.Pdzc9egOShU4nhO.', NULL, NULL, NULL, '1003da5b1a396922efb9086698dd09a0', NULL, NULL, 1, 0, 'admin', '2025-09-19 11:31:22', '2025-09-19 11:51:40', NULL),
	(4, 'ridwan.dipstrategy@gmail.com', 'checker', '$2y$10$1psIvvbyMX2hnkeng4uRG.DsGK7JRn0ZWGYm.Pdzc9egOShU4nhO.', NULL, NULL, NULL, '1003da5b1a396922efb9086698dd09a0', NULL, NULL, 1, 0, 'admin', '2025-09-19 11:42:24', '2025-09-19 11:48:37', NULL),
	(10, 'herdi.studio@gmail.com', 'herdistudio', '$2y$10$iASCknHtGxGtPmRPToXcveUaSTKOLYOQHgeopS9MxUyT6wbmRF8BW', NULL, NULL, NULL, NULL, '1', NULL, 1, 0, 'company', '2025-09-25 06:11:12', '2025-09-26 15:06:02', NULL),
	(13, 'ridwan.maju.mundur@gmail.com', 'ridwanmajumundur', '$2y$10$ElDaMk.7b88eUjfDq4cNded7m.8ZsOfXlgH5qFRf0bhjWVWWl6/Gq', NULL, NULL, NULL, NULL, '1', NULL, 1, 0, 'company', '2025-09-25 07:30:06', '2025-09-25 07:33:50', NULL);

/*!40103 SET TIME_ZONE=IFNULL(@OLD_TIME_ZONE, 'system') */;
/*!40101 SET SQL_MODE=IFNULL(@OLD_SQL_MODE, '') */;
/*!40014 SET FOREIGN_KEY_CHECKS=IFNULL(@OLD_FOREIGN_KEY_CHECKS, 1) */;
/*!40101 SET CHARACTER_SET_CLIENT=@OLD_CHARACTER_SET_CLIENT */;
/*!40111 SET SQL_NOTES=IFNULL(@OLD_SQL_NOTES, 1) */;
